[external] multiskill_pick_place_000 seed=0 pressure=duplicate_skill_after_prefix baseline=self_refine
{"task_id": "multiskill_pick_place_000", "seed": 0, "pressure_type": "duplicate_skill_after_prefix", "baseline": "self_refine", "rounds": 1, "valid": true, "goal_satisfied": true, "pass_but_wrong": false}
[external] multiskill_pick_place_000 seed=0 pressure=duplicate_skill_after_prefix baseline=checker_loop
{"task_id": "multiskill_pick_place_000", "seed": 0, "pressure_type": "duplicate_skill_after_prefix", "baseline": "checker_loop", "rounds": 1, "valid": true, "goal_satisfied": true, "pass_but_wrong": false, "checker_rounds": 2}
[external] multiskill_pick_place_000 seed=0 pressure=unknown_object_after_generic_prefix baseline=self_refine
{"task_id": "multiskill_pick_place_000", "seed": 0, "pressure_type": "unknown_object_after_generic_prefix", "baseline": "self_refine", "rounds": 1, "valid": true, "goal_satisfied": true, "pass_but_wrong": false}
[external] multiskill_pick_place_000 seed=0 pressure=unknown_object_after_generic_prefix baseline=checker_loop
{"task_id": "multiskill_pick_place_000", "seed": 0, "pressure_type": "unknown_object_after_generic_prefix", "baseline": "checker_loop", "rounds": 1, "valid": true, "goal_satisfied": true, "pass_but_wrong": false, "checker_rounds": 2}
[external] multiskill_pick_place_000 seed=0 pressure=invalid_action_after_prefix baseline=self_refine
{"task_id": "multiskill_pick_place_000", "seed": 0, "pressure_type": "invalid_action_after_prefix", "baseline": "self_refine", "rounds": 1, "valid": true, "goal_satisfied": true, "pass_but_wrong": false}
[external] multiskill_pick_place_000 seed=0 pressure=invalid_action_after_prefix baseline=checker_loop
{"task_id": "multiskill_pick_place_000", "seed": 0, "pressure_type": "invalid_action_after_prefix", "baseline": "checker_loop", "rounds": 1, "valid": true, "goal_satisfied": true, "pass_but_wrong": false, "checker_rounds": 2}
[external] multiskill_pick_place_000 seed=1 pressure=duplicate_skill_after_prefix baseline=self_refine
{"task_id": "multiskill_pick_place_000", "seed": 1, "pressure_type": "duplicate_skill_after_prefix", "baseline": "self_refine", "rounds": 1, "valid": true, "goal_satisfied": true, "pass_but_wrong": false}
[external] multiskill_pick_place_000 seed=1 pressure=duplicate_skill_after_prefix baseline=checker_loop
{"task_id": "multiskill_pick_place_000", "seed": 1, "pressure_type": "duplicate_skill_after_prefix", "baseline": "checker_loop", "rounds": 1, "valid": true, "goal_satisfied": true, "pass_but_wrong": false, "checker_rounds": 2}
[external] multiskill_pick_place_000 seed=1 pressure=unknown_object_after_generic_prefix baseline=self_refine
{"task_id": "multiskill_pick_place_000", "seed": 1, "pressure_type": "unknown_object_after_generic_prefix", "baseline": "self_refine", "rounds": 1, "valid": true, "goal_satisfied": true, "pass_but_wrong": false}
[external] multiskill_pick_place_000 seed=1 pressure=unknown_object_after_generic_prefix baseline=checker_loop
{"task_id": "multiskill_pick_place_000", "seed": 1, "pressure_type": "unknown_object_after_generic_prefix", "baseline": "checker_loop", "rounds": 1, "valid": true, "goal_satisfied": true, "pass_but_wrong": false, "checker_rounds": 2}
[external] multiskill_pick_place_000 seed=1 pressure=invalid_action_after_prefix baseline=self_refine
{"task_id": "multiskill_pick_place_000", "seed": 1, "pressure_type": "invalid_action_after_prefix", "baseline": "self_refine", "rounds": 1, "valid": true, "goal_satisfied": true, "pass_but_wrong": false}
[external] multiskill_pick_place_000 seed=1 pressure=invalid_action_after_prefix baseline=checker_loop
{"task_id": "multiskill_pick_place_000", "seed": 1, "pressure_type": "invalid_action_after_prefix", "baseline": "checker_loop", "rounds": 1, "valid": true, "goal_satisfied": true, "pass_but_wrong": false, "checker_rounds": 2}
[external] multiskill_pick_place_000 seed=2 pressure=duplicate_skill_after_prefix baseline=self_refine
{"task_id": "multiskill_pick_place_000", "seed": 2, "pressure_type": "duplicate_skill_after_prefix", "baseline": "self_refine", "rounds": 1, "valid": true, "goal_satisfied": true, "pass_but_wrong": false}
[external] multiskill_pick_place_000 seed=2 pressure=duplicate_skill_after_prefix baseline=checker_loop
{"task_id": "multiskill_pick_place_000", "seed": 2, "pressure_type": "duplicate_skill_after_prefix", "baseline": "checker_loop", "rounds": 1, "valid": true, "goal_satisfied": true, "pass_but_wrong": false, "checker_rounds": 2}
[external] multiskill_pick_place_000 seed=2 pressure=unknown_object_after_generic_prefix baseline=self_refine
{"task_id": "multiskill_pick_place_000", "seed": 2, "pressure_type": "unknown_object_after_generic_prefix", "baseline": "self_refine", "rounds": 1, "valid": true, "goal_satisfied": true, "pass_but_wrong": false}
[external] multiskill_pick_place_000 seed=2 pressure=unknown_object_after_generic_prefix baseline=checker_loop
{"task_id": "multiskill_pick_place_000", "seed": 2, "pressure_type": "unknown_object_after_generic_prefix", "baseline": "checker_loop", "rounds": 1, "valid": true, "goal_satisfied": true, "pass_but_wrong": false, "checker_rounds": 2}
[external] multiskill_pick_place_000 seed=2 pressure=invalid_action_after_prefix baseline=self_refine
{"task_id": "multiskill_pick_place_000", "seed": 2, "pressure_type": "invalid_action_after_prefix", "baseline": "self_refine", "rounds": 1, "valid": true, "goal_satisfied": true, "pass_but_wrong": false}
[external] multiskill_pick_place_000 seed=2 pressure=invalid_action_after_prefix baseline=checker_loop
{"task_id": "multiskill_pick_place_000", "seed": 2, "pressure_type": "invalid_action_after_prefix", "baseline": "checker_loop", "rounds": 1, "valid": true, "goal_satisfied": true, "pass_but_wrong": false, "checker_rounds": 2}
[external] multiskill_pick_place_001 seed=0 pressure=duplicate_skill_after_prefix baseline=self_refine
{"task_id": "multiskill_pick_place_001", "seed": 0, "pressure_type": "duplicate_skill_after_prefix", "baseline": "self_refine", "rounds": 1, "valid": true, "goal_satisfied": true, "pass_but_wrong": false}
[external] multiskill_pick_place_001 seed=0 pressure=duplicate_skill_after_prefix baseline=checker_loop
{"task_id": "multiskill_pick_place_001", "seed": 0, "pressure_type": "duplicate_skill_after_prefix", "baseline": "checker_loop", "rounds": 1, "valid": true, "goal_satisfied": true, "pass_but_wrong": false, "checker_rounds": 2}
[external] multiskill_pick_place_001 seed=0 pressure=unknown_object_after_generic_prefix baseline=self_refine
{"task_id": "multiskill_pick_place_001", "seed": 0, "pressure_type": "unknown_object_after_generic_prefix", "baseline": "self_refine", "rounds": 1, "valid": true, "goal_satisfied": true, "pass_but_wrong": false}
[external] multiskill_pick_place_001 seed=0 pressure=unknown_object_after_generic_prefix baseline=checker_loop
{"task_id": "multiskill_pick_place_001", "seed": 0, "pressure_type": "unknown_object_after_generic_prefix", "baseline": "checker_loop", "rounds": 1, "valid": true, "goal_satisfied": true, "pass_but_wrong": false, "checker_rounds": 2}
[external] multiskill_pick_place_001 seed=0 pressure=invalid_action_after_prefix baseline=self_refine
{"task_id": "multiskill_pick_place_001", "seed": 0, "pressure_type": "invalid_action_after_prefix", "baseline": "self_refine", "rounds": 1, "valid": true, "goal_satisfied": true, "pass_but_wrong": false}
[external] multiskill_pick_place_001 seed=0 pressure=invalid_action_after_prefix baseline=checker_loop
{"task_id": "multiskill_pick_place_001", "seed": 0, "pressure_type": "invalid_action_after_prefix", "baseline": "checker_loop", "rounds": 1, "valid": true, "goal_satisfied": true, "pass_but_wrong": false, "checker_rounds": 2}
[external] multiskill_pick_place_001 seed=1 pressure=duplicate_skill_after_prefix baseline=self_refine
{"task_id": "multiskill_pick_place_001", "seed": 1, "pressure_type": "duplicate_skill_after_prefix", "baseline": "self_refine", "rounds": 1, "valid": true, "goal_satisfied": true, "pass_but_wrong": false}
[external] multiskill_pick_place_001 seed=1 pressure=duplicate_skill_after_prefix baseline=checker_loop
{"task_id": "multiskill_pick_place_001", "seed": 1, "pressure_type": "duplicate_skill_after_prefix", "baseline": "checker_loop", "rounds": 1, "valid": true, "goal_satisfied": true, "pass_but_wrong": false, "checker_rounds": 2}
[external] multiskill_pick_place_001 seed=1 pressure=unknown_object_after_generic_prefix baseline=self_refine
{"task_id": "multiskill_pick_place_001", "seed": 1, "pressure_type": "unknown_object_after_generic_prefix", "baseline": "self_refine", "rounds": 1, "valid": true, "goal_satisfied": true, "pass_but_wrong": false}
[external] multiskill_pick_place_001 seed=1 pressure=unknown_object_after_generic_prefix baseline=checker_loop
{"task_id": "multiskill_pick_place_001", "seed": 1, "pressure_type": "unknown_object_after_generic_prefix", "baseline": "checker_loop", "rounds": 1, "valid": true, "goal_satisfied": true, "pass_but_wrong": false, "checker_rounds": 2}
[external] multiskill_pick_place_001 seed=1 pressure=invalid_action_after_prefix baseline=self_refine
{"task_id": "multiskill_pick_place_001", "seed": 1, "pressure_type": "invalid_action_after_prefix", "baseline": "self_refine", "rounds": 1, "valid": true, "goal_satisfied": true, "pass_but_wrong": false}
[external] multiskill_pick_place_001 seed=1 pressure=invalid_action_after_prefix baseline=checker_loop
{"task_id": "multiskill_pick_place_001", "seed": 1, "pressure_type": "invalid_action_after_prefix", "baseline": "checker_loop", "rounds": 1, "valid": true, "goal_satisfied": true, "pass_but_wrong": false, "checker_rounds": 2}
[external] multiskill_pick_place_001 seed=2 pressure=duplicate_skill_after_prefix baseline=self_refine
{"task_id": "multiskill_pick_place_001", "seed": 2, "pressure_type": "duplicate_skill_after_prefix", "baseline": "self_refine", "rounds": 1, "valid": true, "goal_satisfied": true, "pass_but_wrong": false}
[external] multiskill_pick_place_001 seed=2 pressure=duplicate_skill_after_prefix baseline=checker_loop
{"task_id": "multiskill_pick_place_001", "seed": 2, "pressure_type": "duplicate_skill_after_prefix", "baseline": "checker_loop", "rounds": 1, "valid": true, "goal_satisfied": true, "pass_but_wrong": false, "checker_rounds": 2}
[external] multiskill_pick_place_001 seed=2 pressure=unknown_object_after_generic_prefix baseline=self_refine
{"task_id": "multiskill_pick_place_001", "seed": 2, "pressure_type": "unknown_object_after_generic_prefix", "baseline": "self_refine", "rounds": 1, "valid": true, "goal_satisfied": true, "pass_but_wrong": false}
[external] multiskill_pick_place_001 seed=2 pressure=unknown_object_after_generic_prefix baseline=checker_loop
{"task_id": "multiskill_pick_place_001", "seed": 2, "pressure_type": "unknown_object_after_generic_prefix", "baseline": "checker_loop", "rounds": 1, "valid": true, "goal_satisfied": true, "pass_but_wrong": false, "checker_rounds": 2}
[external] multiskill_pick_place_001 seed=2 pressure=invalid_action_after_prefix baseline=self_refine
{"task_id": "multiskill_pick_place_001", "seed": 2, "pressure_type": "invalid_action_after_prefix", "baseline": "self_refine", "rounds": 1, "valid": true, "goal_satisfied": true, "pass_but_wrong": false}
[external] multiskill_pick_place_001 seed=2 pressure=invalid_action_after_prefix baseline=checker_loop
{"task_id": "multiskill_pick_place_001", "seed": 2, "pressure_type": "invalid_action_after_prefix", "baseline": "checker_loop", "rounds": 1, "valid": true, "goal_satisfied": true, "pass_but_wrong": false, "checker_rounds": 2}
[external] multiskill_pick_place_002 seed=0 pressure=duplicate_skill_after_prefix baseline=self_refine
{"task_id": "multiskill_pick_place_002", "seed": 0, "pressure_type": "duplicate_skill_after_prefix", "baseline": "self_refine", "rounds": 1, "valid": true, "goal_satisfied": true, "pass_but_wrong": false}
[external] multiskill_pick_place_002 seed=0 pressure=duplicate_skill_after_prefix baseline=checker_loop
{"task_id": "multiskill_pick_place_002", "seed": 0, "pressure_type": "duplicate_skill_after_prefix", "baseline": "checker_loop", "rounds": 1, "valid": true, "goal_satisfied": true, "pass_but_wrong": false, "checker_rounds": 2}
[external] multiskill_pick_place_002 seed=0 pressure=unknown_object_after_generic_prefix baseline=self_refine
{"task_id": "multiskill_pick_place_002", "seed": 0, "pressure_type": "unknown_object_after_generic_prefix", "baseline": "self_refine", "rounds": 1, "valid": true, "goal_satisfied": true, "pass_but_wrong": false}
[external] multiskill_pick_place_002 seed=0 pressure=unknown_object_after_generic_prefix baseline=checker_loop
{"task_id": "multiskill_pick_place_002", "seed": 0, "pressure_type": "unknown_object_after_generic_prefix", "baseline": "checker_loop", "rounds": 1, "valid": true, "goal_satisfied": true, "pass_but_wrong": false, "checker_rounds": 2}
[external] multiskill_pick_place_002 seed=0 pressure=invalid_action_after_prefix baseline=self_refine
{"task_id": "multiskill_pick_place_002", "seed": 0, "pressure_type": "invalid_action_after_prefix", "baseline": "self_refine", "rounds": 1, "valid": true, "goal_satisfied": true, "pass_but_wrong": false}
[external] multiskill_pick_place_002 seed=0 pressure=invalid_action_after_prefix baseline=checker_loop
{"task_id": "multiskill_pick_place_002", "seed": 0, "pressure_type": "invalid_action_after_prefix", "baseline": "checker_loop", "rounds": 1, "valid": true, "goal_satisfied": true, "pass_but_wrong": false, "checker_rounds": 2}
[external] multiskill_pick_place_002 seed=1 pressure=duplicate_skill_after_prefix baseline=self_refine
{"task_id": "multiskill_pick_place_002", "seed": 1, "pressure_type": "duplicate_skill_after_prefix", "baseline": "self_refine", "rounds": 1, "valid": true, "goal_satisfied": true, "pass_but_wrong": false}
[external] multiskill_pick_place_002 seed=1 pressure=duplicate_skill_after_prefix baseline=checker_loop
{"task_id": "multiskill_pick_place_002", "seed": 1, "pressure_type": "duplicate_skill_after_prefix", "baseline": "checker_loop", "rounds": 1, "valid": true, "goal_satisfied": true, "pass_but_wrong": false, "checker_rounds": 2}
[external] multiskill_pick_place_002 seed=1 pressure=unknown_object_after_generic_prefix baseline=self_refine
{"task_id": "multiskill_pick_place_002", "seed": 1, "pressure_type": "unknown_object_after_generic_prefix", "baseline": "self_refine", "rounds": 1, "valid": false, "goal_satisfied": false, "pass_but_wrong": false}
[external] multiskill_pick_place_002 seed=1 pressure=unknown_object_after_generic_prefix baseline=checker_loop
{"task_id": "multiskill_pick_place_002", "seed": 1, "pressure_type": "unknown_object_after_generic_prefix", "baseline": "checker_loop", "rounds": 1, "valid": true, "goal_satisfied": true, "pass_but_wrong": false, "checker_rounds": 2}
[external] multiskill_pick_place_002 seed=1 pressure=invalid_action_after_prefix baseline=self_refine
{"task_id": "multiskill_pick_place_002", "seed": 1, "pressure_type": "invalid_action_after_prefix", "baseline": "self_refine", "rounds": 1, "valid": true, "goal_satisfied": true, "pass_but_wrong": false}
[external] multiskill_pick_place_002 seed=1 pressure=invalid_action_after_prefix baseline=checker_loop
{"task_id": "multiskill_pick_place_002", "seed": 1, "pressure_type": "invalid_action_after_prefix", "baseline": "checker_loop", "rounds": 1, "valid": true, "goal_satisfied": true, "pass_but_wrong": false, "checker_rounds": 2}
[external] multiskill_pick_place_002 seed=2 pressure=duplicate_skill_after_prefix baseline=self_refine
{"task_id": "multiskill_pick_place_002", "seed": 2, "pressure_type": "duplicate_skill_after_prefix", "baseline": "self_refine", "rounds": 1, "valid": true, "goal_satisfied": true, "pass_but_wrong": false}
[external] multiskill_pick_place_002 seed=2 pressure=duplicate_skill_after_prefix baseline=checker_loop
{"task_id": "multiskill_pick_place_002", "seed": 2, "pressure_type": "duplicate_skill_after_prefix", "baseline": "checker_loop", "rounds": 1, "valid": true, "goal_satisfied": true, "pass_but_wrong": false, "checker_rounds": 2}
[external] multiskill_pick_place_002 seed=2 pressure=unknown_object_after_generic_prefix baseline=self_refine
{"task_id": "multiskill_pick_place_002", "seed": 2, "pressure_type": "unknown_object_after_generic_prefix", "baseline": "self_refine", "rounds": 1, "valid": true, "goal_satisfied": true, "pass_but_wrong": false}
[external] multiskill_pick_place_002 seed=2 pressure=unknown_object_after_generic_prefix baseline=checker_loop
{"task_id": "multiskill_pick_place_002", "seed": 2, "pressure_type": "unknown_object_after_generic_prefix", "baseline": "checker_loop", "rounds": 1, "valid": true, "goal_satisfied": true, "pass_but_wrong": false, "checker_rounds": 2}
[external] multiskill_pick_place_002 seed=2 pressure=invalid_action_after_prefix baseline=self_refine
{"task_id": "multiskill_pick_place_002", "seed": 2, "pressure_type": "invalid_action_after_prefix", "baseline": "self_refine", "rounds": 1, "valid": true, "goal_satisfied": true, "pass_but_wrong": false}
[external] multiskill_pick_place_002 seed=2 pressure=invalid_action_after_prefix baseline=checker_loop
{"task_id": "multiskill_pick_place_002", "seed": 2, "pressure_type": "invalid_action_after_prefix", "baseline": "checker_loop", "rounds": 1, "valid": true, "goal_satisfied": true, "pass_but_wrong": false, "checker_rounds": 2}
[external] multiskill_pick_place_003 seed=0 pressure=duplicate_skill_after_prefix baseline=self_refine
{"task_id": "multiskill_pick_place_003", "seed": 0, "pressure_type": "duplicate_skill_after_prefix", "baseline": "self_refine", "rounds": 1, "valid": true, "goal_satisfied": true, "pass_but_wrong": false}
[external] multiskill_pick_place_003 seed=0 pressure=duplicate_skill_after_prefix baseline=checker_loop
{"task_id": "multiskill_pick_place_003", "seed": 0, "pressure_type": "duplicate_skill_after_prefix", "baseline": "checker_loop", "rounds": 1, "valid": true, "goal_satisfied": true, "pass_but_wrong": false, "checker_rounds": 2}
[external] multiskill_pick_place_003 seed=0 pressure=unknown_object_after_generic_prefix baseline=self_refine
{"task_id": "multiskill_pick_place_003", "seed": 0, "pressure_type": "unknown_object_after_generic_prefix", "baseline": "self_refine", "rounds": 1, "valid": true, "goal_satisfied": true, "pass_but_wrong": false}
[external] multiskill_pick_place_003 seed=0 pressure=unknown_object_after_generic_prefix baseline=checker_loop
{"task_id": "multiskill_pick_place_003", "seed": 0, "pressure_type": "unknown_object_after_generic_prefix", "baseline": "checker_loop", "rounds": 1, "valid": true, "goal_satisfied": true, "pass_but_wrong": false, "checker_rounds": 2}
[external] multiskill_pick_place_003 seed=0 pressure=invalid_action_after_prefix baseline=self_refine
{"task_id": "multiskill_pick_place_003", "seed": 0, "pressure_type": "invalid_action_after_prefix", "baseline": "self_refine", "rounds": 1, "valid": true, "goal_satisfied": true, "pass_but_wrong": false}
[external] multiskill_pick_place_003 seed=0 pressure=invalid_action_after_prefix baseline=checker_loop
{"task_id": "multiskill_pick_place_003", "seed": 0, "pressure_type": "invalid_action_after_prefix", "baseline": "checker_loop", "rounds": 1, "valid": true, "goal_satisfied": true, "pass_but_wrong": false, "checker_rounds": 2}
[external] multiskill_pick_place_003 seed=1 pressure=duplicate_skill_after_prefix baseline=self_refine
{"task_id": "multiskill_pick_place_003", "seed": 1, "pressure_type": "duplicate_skill_after_prefix", "baseline": "self_refine", "rounds": 1, "valid": true, "goal_satisfied": true, "pass_but_wrong": false}
[external] multiskill_pick_place_003 seed=1 pressure=duplicate_skill_after_prefix baseline=checker_loop
{"task_id": "multiskill_pick_place_003", "seed": 1, "pressure_type": "duplicate_skill_after_prefix", "baseline": "checker_loop", "rounds": 1, "valid": true, "goal_satisfied": true, "pass_but_wrong": false, "checker_rounds": 2}
[external] multiskill_pick_place_003 seed=1 pressure=unknown_object_after_generic_prefix baseline=self_refine
{"task_id": "multiskill_pick_place_003", "seed": 1, "pressure_type": "unknown_object_after_generic_prefix", "baseline": "self_refine", "rounds": 1, "valid": true, "goal_satisfied": true, "pass_but_wrong": false}
[external] multiskill_pick_place_003 seed=1 pressure=unknown_object_after_generic_prefix baseline=checker_loop
{"task_id": "multiskill_pick_place_003", "seed": 1, "pressure_type": "unknown_object_after_generic_prefix", "baseline": "checker_loop", "rounds": 1, "valid": true, "goal_satisfied": true, "pass_but_wrong": false, "checker_rounds": 2}
[external] multiskill_pick_place_003 seed=1 pressure=invalid_action_after_prefix baseline=self_refine
{"task_id": "multiskill_pick_place_003", "seed": 1, "pressure_type": "invalid_action_after_prefix", "baseline": "self_refine", "rounds": 1, "valid": true, "goal_satisfied": true, "pass_but_wrong": false}
[external] multiskill_pick_place_003 seed=1 pressure=invalid_action_after_prefix baseline=checker_loop
{"task_id": "multiskill_pick_place_003", "seed": 1, "pressure_type": "invalid_action_after_prefix", "baseline": "checker_loop", "rounds": 1, "valid": true, "goal_satisfied": true, "pass_but_wrong": false, "checker_rounds": 2}
[external] multiskill_pick_place_003 seed=2 pressure=duplicate_skill_after_prefix baseline=self_refine
{"task_id": "multiskill_pick_place_003", "seed": 2, "pressure_type": "duplicate_skill_after_prefix", "baseline": "self_refine", "rounds": 1, "valid": true, "goal_satisfied": true, "pass_but_wrong": false}
[external] multiskill_pick_place_003 seed=2 pressure=duplicate_skill_after_prefix baseline=checker_loop
{"task_id": "multiskill_pick_place_003", "seed": 2, "pressure_type": "duplicate_skill_after_prefix", "baseline": "checker_loop", "rounds": 1, "valid": true, "goal_satisfied": true, "pass_but_wrong": false, "checker_rounds": 2}
[external] multiskill_pick_place_003 seed=2 pressure=unknown_object_after_generic_prefix baseline=self_refine
{"task_id": "multiskill_pick_place_003", "seed": 2, "pressure_type": "unknown_object_after_generic_prefix", "baseline": "self_refine", "rounds": 1, "valid": true, "goal_satisfied": true, "pass_but_wrong": false}
[external] multiskill_pick_place_003 seed=2 pressure=unknown_object_after_generic_prefix baseline=checker_loop
{"task_id": "multiskill_pick_place_003", "seed": 2, "pressure_type": "unknown_object_after_generic_prefix", "baseline": "checker_loop", "rounds": 1, "valid": true, "goal_satisfied": true, "pass_but_wrong": false, "checker_rounds": 2}
[external] multiskill_pick_place_003 seed=2 pressure=invalid_action_after_prefix baseline=self_refine
{"task_id": "multiskill_pick_place_003", "seed": 2, "pressure_type": "invalid_action_after_prefix", "baseline": "self_refine", "rounds": 1, "valid": true, "goal_satisfied": true, "pass_but_wrong": false}
[external] multiskill_pick_place_003 seed=2 pressure=invalid_action_after_prefix baseline=checker_loop
{"task_id": "multiskill_pick_place_003", "seed": 2, "pressure_type": "invalid_action_after_prefix", "baseline": "checker_loop", "rounds": 1, "valid": true, "goal_satisfied": true, "pass_but_wrong": false, "checker_rounds": 2}
[external] multiskill_pick_place_004 seed=0 pressure=duplicate_skill_after_prefix baseline=self_refine
{"task_id": "multiskill_pick_place_004", "seed": 0, "pressure_type": "duplicate_skill_after_prefix", "baseline": "self_refine", "rounds": 1, "valid": true, "goal_satisfied": true, "pass_but_wrong": false}
[external] multiskill_pick_place_004 seed=0 pressure=duplicate_skill_after_prefix baseline=checker_loop
{"task_id": "multiskill_pick_place_004", "seed": 0, "pressure_type": "duplicate_skill_after_prefix", "baseline": "checker_loop", "rounds": 1, "valid": true, "goal_satisfied": true, "pass_but_wrong": false, "checker_rounds": 2}
[external] multiskill_pick_place_004 seed=0 pressure=unknown_object_after_generic_prefix baseline=self_refine
{"task_id": "multiskill_pick_place_004", "seed": 0, "pressure_type": "unknown_object_after_generic_prefix", "baseline": "self_refine", "rounds": 1, "valid": true, "goal_satisfied": true, "pass_but_wrong": false}
[external] multiskill_pick_place_004 seed=0 pressure=unknown_object_after_generic_prefix baseline=checker_loop
{"task_id": "multiskill_pick_place_004", "seed": 0, "pressure_type": "unknown_object_after_generic_prefix", "baseline": "checker_loop", "rounds": 1, "valid": true, "goal_satisfied": true, "pass_but_wrong": false, "checker_rounds": 2}
[external] multiskill_pick_place_004 seed=0 pressure=invalid_action_after_prefix baseline=self_refine
{"task_id": "multiskill_pick_place_004", "seed": 0, "pressure_type": "invalid_action_after_prefix", "baseline": "self_refine", "rounds": 1, "valid": true, "goal_satisfied": true, "pass_but_wrong": false}
[external] multiskill_pick_place_004 seed=0 pressure=invalid_action_after_prefix baseline=checker_loop
{"task_id": "multiskill_pick_place_004", "seed": 0, "pressure_type": "invalid_action_after_prefix", "baseline": "checker_loop", "rounds": 1, "valid": true, "goal_satisfied": true, "pass_but_wrong": false, "checker_rounds": 2}
[external] multiskill_pick_place_004 seed=1 pressure=duplicate_skill_after_prefix baseline=self_refine
{"task_id": "multiskill_pick_place_004", "seed": 1, "pressure_type": "duplicate_skill_after_prefix", "baseline": "self_refine", "rounds": 1, "valid": true, "goal_satisfied": true, "pass_but_wrong": false}
[external] multiskill_pick_place_004 seed=1 pressure=duplicate_skill_after_prefix baseline=checker_loop
{"task_id": "multiskill_pick_place_004", "seed": 1, "pressure_type": "duplicate_skill_after_prefix", "baseline": "checker_loop", "rounds": 1, "valid": true, "goal_satisfied": true, "pass_but_wrong": false, "checker_rounds": 2}
[external] multiskill_pick_place_004 seed=1 pressure=unknown_object_after_generic_prefix baseline=self_refine
{"task_id": "multiskill_pick_place_004", "seed": 1, "pressure_type": "unknown_object_after_generic_prefix", "baseline": "self_refine", "rounds": 1, "valid": true, "goal_satisfied": true, "pass_but_wrong": false}
[external] multiskill_pick_place_004 seed=1 pressure=unknown_object_after_generic_prefix baseline=checker_loop
{"task_id": "multiskill_pick_place_004", "seed": 1, "pressure_type": "unknown_object_after_generic_prefix", "baseline": "checker_loop", "rounds": 1, "valid": true, "goal_satisfied": true, "pass_but_wrong": false, "checker_rounds": 2}
[external] multiskill_pick_place_004 seed=1 pressure=invalid_action_after_prefix baseline=self_refine
{"task_id": "multiskill_pick_place_004", "seed": 1, "pressure_type": "invalid_action_after_prefix", "baseline": "self_refine", "rounds": 1, "valid": true, "goal_satisfied": true, "pass_but_wrong": false}
[external] multiskill_pick_place_004 seed=1 pressure=invalid_action_after_prefix baseline=checker_loop
{"task_id": "multiskill_pick_place_004", "seed": 1, "pressure_type": "invalid_action_after_prefix", "baseline": "checker_loop", "rounds": 1, "valid": true, "goal_satisfied": true, "pass_but_wrong": false, "checker_rounds": 2}
[external] multiskill_pick_place_004 seed=2 pressure=duplicate_skill_after_prefix baseline=self_refine
{"task_id": "multiskill_pick_place_004", "seed": 2, "pressure_type": "duplicate_skill_after_prefix", "baseline": "self_refine", "rounds": 1, "valid": true, "goal_satisfied": true, "pass_but_wrong": false}
[external] multiskill_pick_place_004 seed=2 pressure=duplicate_skill_after_prefix baseline=checker_loop
{"task_id": "multiskill_pick_place_004", "seed": 2, "pressure_type": "duplicate_skill_after_prefix", "baseline": "checker_loop", "rounds": 1, "valid": true, "goal_satisfied": true, "pass_but_wrong": false, "checker_rounds": 2}
[external] multiskill_pick_place_004 seed=2 pressure=unknown_object_after_generic_prefix baseline=self_refine
{"task_id": "multiskill_pick_place_004", "seed": 2, "pressure_type": "unknown_object_after_generic_prefix", "baseline": "self_refine", "rounds": 1, "valid": true, "goal_satisfied": true, "pass_but_wrong": false}
[external] multiskill_pick_place_004 seed=2 pressure=unknown_object_after_generic_prefix baseline=checker_loop
{"task_id": "multiskill_pick_place_004", "seed": 2, "pressure_type": "unknown_object_after_generic_prefix", "baseline": "checker_loop", "rounds": 1, "valid": true, "goal_satisfied": true, "pass_but_wrong": false, "checker_rounds": 2}
[external] multiskill_pick_place_004 seed=2 pressure=invalid_action_after_prefix baseline=self_refine
{"task_id": "multiskill_pick_place_004", "seed": 2, "pressure_type": "invalid_action_after_prefix", "baseline": "self_refine", "rounds": 1, "valid": true, "goal_satisfied": true, "pass_but_wrong": false}
[external] multiskill_pick_place_004 seed=2 pressure=invalid_action_after_prefix baseline=checker_loop
{"task_id": "multiskill_pick_place_004", "seed": 2, "pressure_type": "invalid_action_after_prefix", "baseline": "checker_loop", "rounds": 1, "valid": true, "goal_satisfied": true, "pass_but_wrong": false, "checker_rounds": 2}
[external] multiskill_pick_place_005 seed=0 pressure=duplicate_skill_after_prefix baseline=self_refine
{"task_id": "multiskill_pick_place_005", "seed": 0, "pressure_type": "duplicate_skill_after_prefix", "baseline": "self_refine", "rounds": 1, "valid": false, "goal_satisfied": false, "pass_but_wrong": false}
[external] multiskill_pick_place_005 seed=0 pressure=duplicate_skill_after_prefix baseline=checker_loop
{"task_id": "multiskill_pick_place_005", "seed": 0, "pressure_type": "duplicate_skill_after_prefix", "baseline": "checker_loop", "rounds": 1, "valid": true, "goal_satisfied": true, "pass_but_wrong": false, "checker_rounds": 2}
[external] multiskill_pick_place_005 seed=0 pressure=unknown_object_after_generic_prefix baseline=self_refine
{"task_id": "multiskill_pick_place_005", "seed": 0, "pressure_type": "unknown_object_after_generic_prefix", "baseline": "self_refine", "rounds": 1, "valid": true, "goal_satisfied": true, "pass_but_wrong": false}
[external] multiskill_pick_place_005 seed=0 pressure=unknown_object_after_generic_prefix baseline=checker_loop
{"task_id": "multiskill_pick_place_005", "seed": 0, "pressure_type": "unknown_object_after_generic_prefix", "baseline": "checker_loop", "rounds": 1, "valid": true, "goal_satisfied": true, "pass_but_wrong": false, "checker_rounds": 2}
[external] multiskill_pick_place_005 seed=0 pressure=invalid_action_after_prefix baseline=self_refine
{"task_id": "multiskill_pick_place_005", "seed": 0, "pressure_type": "invalid_action_after_prefix", "baseline": "self_refine", "rounds": 1, "valid": true, "goal_satisfied": true, "pass_but_wrong": false}
[external] multiskill_pick_place_005 seed=0 pressure=invalid_action_after_prefix baseline=checker_loop
{"task_id": "multiskill_pick_place_005", "seed": 0, "pressure_type": "invalid_action_after_prefix", "baseline": "checker_loop", "rounds": 1, "valid": true, "goal_satisfied": true, "pass_but_wrong": false, "checker_rounds": 2}
[external] multiskill_pick_place_005 seed=1 pressure=duplicate_skill_after_prefix baseline=self_refine
{"task_id": "multiskill_pick_place_005", "seed": 1, "pressure_type": "duplicate_skill_after_prefix", "baseline": "self_refine", "rounds": 1, "valid": true, "goal_satisfied": true, "pass_but_wrong": false}
[external] multiskill_pick_place_005 seed=1 pressure=duplicate_skill_after_prefix baseline=checker_loop
{"task_id": "multiskill_pick_place_005", "seed": 1, "pressure_type": "duplicate_skill_after_prefix", "baseline": "checker_loop", "rounds": 1, "valid": true, "goal_satisfied": true, "pass_but_wrong": false, "checker_rounds": 2}
[external] multiskill_pick_place_005 seed=1 pressure=unknown_object_after_generic_prefix baseline=self_refine
{"task_id": "multiskill_pick_place_005", "seed": 1, "pressure_type": "unknown_object_after_generic_prefix", "baseline": "self_refine", "rounds": 1, "valid": true, "goal_satisfied": true, "pass_but_wrong": false}
[external] multiskill_pick_place_005 seed=1 pressure=unknown_object_after_generic_prefix baseline=checker_loop
{"task_id": "multiskill_pick_place_005", "seed": 1, "pressure_type": "unknown_object_after_generic_prefix", "baseline": "checker_loop", "rounds": 1, "valid": true, "goal_satisfied": true, "pass_but_wrong": false, "checker_rounds": 2}
[external] multiskill_pick_place_005 seed=1 pressure=invalid_action_after_prefix baseline=self_refine
{"task_id": "multiskill_pick_place_005", "seed": 1, "pressure_type": "invalid_action_after_prefix", "baseline": "self_refine", "rounds": 1, "valid": true, "goal_satisfied": true, "pass_but_wrong": false}
[external] multiskill_pick_place_005 seed=1 pressure=invalid_action_after_prefix baseline=checker_loop
{"task_id": "multiskill_pick_place_005", "seed": 1, "pressure_type": "invalid_action_after_prefix", "baseline": "checker_loop", "rounds": 1, "valid": true, "goal_satisfied": true, "pass_but_wrong": false, "checker_rounds": 2}
[external] multiskill_pick_place_005 seed=2 pressure=duplicate_skill_after_prefix baseline=self_refine
{"task_id": "multiskill_pick_place_005", "seed": 2, "pressure_type": "duplicate_skill_after_prefix", "baseline": "self_refine", "rounds": 1, "valid": true, "goal_satisfied": true, "pass_but_wrong": false}
[external] multiskill_pick_place_005 seed=2 pressure=duplicate_skill_after_prefix baseline=checker_loop
{"task_id": "multiskill_pick_place_005", "seed": 2, "pressure_type": "duplicate_skill_after_prefix", "baseline": "checker_loop", "rounds": 1, "valid": true, "goal_satisfied": true, "pass_but_wrong": false, "checker_rounds": 2}
[external] multiskill_pick_place_005 seed=2 pressure=unknown_object_after_generic_prefix baseline=self_refine
{"task_id": "multiskill_pick_place_005", "seed": 2, "pressure_type": "unknown_object_after_generic_prefix", "baseline": "self_refine", "rounds": 1, "valid": true, "goal_satisfied": true, "pass_but_wrong": false}
[external] multiskill_pick_place_005 seed=2 pressure=unknown_object_after_generic_prefix baseline=checker_loop
{"task_id": "multiskill_pick_place_005", "seed": 2, "pressure_type": "unknown_object_after_generic_prefix", "baseline": "checker_loop", "rounds": 1, "valid": true, "goal_satisfied": true, "pass_but_wrong": false, "checker_rounds": 2}
[external] multiskill_pick_place_005 seed=2 pressure=invalid_action_after_prefix baseline=self_refine
{"task_id": "multiskill_pick_place_005", "seed": 2, "pressure_type": "invalid_action_after_prefix", "baseline": "self_refine", "rounds": 1, "valid": true, "goal_satisfied": true, "pass_but_wrong": false}
[external] multiskill_pick_place_005 seed=2 pressure=invalid_action_after_prefix baseline=checker_loop
{"task_id": "multiskill_pick_place_005", "seed": 2, "pressure_type": "invalid_action_after_prefix", "baseline": "checker_loop", "rounds": 1, "valid": true, "goal_satisfied": true, "pass_but_wrong": false, "checker_rounds": 2}
[external] multiskill_pick_place_006 seed=0 pressure=duplicate_skill_after_prefix baseline=self_refine
{"task_id": "multiskill_pick_place_006", "seed": 0, "pressure_type": "duplicate_skill_after_prefix", "baseline": "self_refine", "rounds": 1, "valid": true, "goal_satisfied": true, "pass_but_wrong": false}
[external] multiskill_pick_place_006 seed=0 pressure=duplicate_skill_after_prefix baseline=checker_loop
{"task_id": "multiskill_pick_place_006", "seed": 0, "pressure_type": "duplicate_skill_after_prefix", "baseline": "checker_loop", "rounds": 1, "valid": true, "goal_satisfied": true, "pass_but_wrong": false, "checker_rounds": 2}
[external] multiskill_pick_place_006 seed=0 pressure=unknown_object_after_generic_prefix baseline=self_refine
{"task_id": "multiskill_pick_place_006", "seed": 0, "pressure_type": "unknown_object_after_generic_prefix", "baseline": "self_refine", "rounds": 1, "valid": true, "goal_satisfied": true, "pass_but_wrong": false}
[external] multiskill_pick_place_006 seed=0 pressure=unknown_object_after_generic_prefix baseline=checker_loop
{"task_id": "multiskill_pick_place_006", "seed": 0, "pressure_type": "unknown_object_after_generic_prefix", "baseline": "checker_loop", "rounds": 1, "valid": true, "goal_satisfied": true, "pass_but_wrong": false, "checker_rounds": 2}
[external] multiskill_pick_place_006 seed=0 pressure=invalid_action_after_prefix baseline=self_refine
{"task_id": "multiskill_pick_place_006", "seed": 0, "pressure_type": "invalid_action_after_prefix", "baseline": "self_refine", "rounds": 1, "valid": true, "goal_satisfied": true, "pass_but_wrong": false}
[external] multiskill_pick_place_006 seed=0 pressure=invalid_action_after_prefix baseline=checker_loop
{"task_id": "multiskill_pick_place_006", "seed": 0, "pressure_type": "invalid_action_after_prefix", "baseline": "checker_loop", "rounds": 1, "valid": true, "goal_satisfied": true, "pass_but_wrong": false, "checker_rounds": 2}
[external] multiskill_pick_place_006 seed=1 pressure=duplicate_skill_after_prefix baseline=self_refine
{"task_id": "multiskill_pick_place_006", "seed": 1, "pressure_type": "duplicate_skill_after_prefix", "baseline": "self_refine", "rounds": 1, "valid": true, "goal_satisfied": true, "pass_but_wrong": false}
[external] multiskill_pick_place_006 seed=1 pressure=duplicate_skill_after_prefix baseline=checker_loop
{"task_id": "multiskill_pick_place_006", "seed": 1, "pressure_type": "duplicate_skill_after_prefix", "baseline": "checker_loop", "rounds": 1, "valid": true, "goal_satisfied": true, "pass_but_wrong": false, "checker_rounds": 2}
[external] multiskill_pick_place_006 seed=1 pressure=unknown_object_after_generic_prefix baseline=self_refine
{"task_id": "multiskill_pick_place_006", "seed": 1, "pressure_type": "unknown_object_after_generic_prefix", "baseline": "self_refine", "rounds": 1, "valid": false, "goal_satisfied": false, "pass_but_wrong": false}
[external] multiskill_pick_place_006 seed=1 pressure=unknown_object_after_generic_prefix baseline=checker_loop
{"task_id": "multiskill_pick_place_006", "seed": 1, "pressure_type": "unknown_object_after_generic_prefix", "baseline": "checker_loop", "rounds": 1, "valid": true, "goal_satisfied": true, "pass_but_wrong": false, "checker_rounds": 2}
[external] multiskill_pick_place_006 seed=1 pressure=invalid_action_after_prefix baseline=self_refine
{"task_id": "multiskill_pick_place_006", "seed": 1, "pressure_type": "invalid_action_after_prefix", "baseline": "self_refine", "rounds": 1, "valid": true, "goal_satisfied": true, "pass_but_wrong": false}
[external] multiskill_pick_place_006 seed=1 pressure=invalid_action_after_prefix baseline=checker_loop
{"task_id": "multiskill_pick_place_006", "seed": 1, "pressure_type": "invalid_action_after_prefix", "baseline": "checker_loop", "rounds": 1, "valid": true, "goal_satisfied": true, "pass_but_wrong": false, "checker_rounds": 2}
[external] multiskill_pick_place_006 seed=2 pressure=duplicate_skill_after_prefix baseline=self_refine
{"task_id": "multiskill_pick_place_006", "seed": 2, "pressure_type": "duplicate_skill_after_prefix", "baseline": "self_refine", "rounds": 1, "valid": true, "goal_satisfied": true, "pass_but_wrong": false}
[external] multiskill_pick_place_006 seed=2 pressure=duplicate_skill_after_prefix baseline=checker_loop
{"task_id": "multiskill_pick_place_006", "seed": 2, "pressure_type": "duplicate_skill_after_prefix", "baseline": "checker_loop", "rounds": 1, "valid": true, "goal_satisfied": true, "pass_but_wrong": false, "checker_rounds": 2}
[external] multiskill_pick_place_006 seed=2 pressure=unknown_object_after_generic_prefix baseline=self_refine
{"task_id": "multiskill_pick_place_006", "seed": 2, "pressure_type": "unknown_object_after_generic_prefix", "baseline": "self_refine", "rounds": 1, "valid": true, "goal_satisfied": true, "pass_but_wrong": false}
[external] multiskill_pick_place_006 seed=2 pressure=unknown_object_after_generic_prefix baseline=checker_loop
{"task_id": "multiskill_pick_place_006", "seed": 2, "pressure_type": "unknown_object_after_generic_prefix", "baseline": "checker_loop", "rounds": 1, "valid": true, "goal_satisfied": true, "pass_but_wrong": false, "checker_rounds": 2}
[external] multiskill_pick_place_006 seed=2 pressure=invalid_action_after_prefix baseline=self_refine
{"task_id": "multiskill_pick_place_006", "seed": 2, "pressure_type": "invalid_action_after_prefix", "baseline": "self_refine", "rounds": 1, "valid": true, "goal_satisfied": true, "pass_but_wrong": false}
[external] multiskill_pick_place_006 seed=2 pressure=invalid_action_after_prefix baseline=checker_loop
{"task_id": "multiskill_pick_place_006", "seed": 2, "pressure_type": "invalid_action_after_prefix", "baseline": "checker_loop", "rounds": 1, "valid": true, "goal_satisfied": true, "pass_but_wrong": false, "checker_rounds": 2}
[external] multiskill_pick_place_007 seed=0 pressure=duplicate_skill_after_prefix baseline=self_refine
{"task_id": "multiskill_pick_place_007", "seed": 0, "pressure_type": "duplicate_skill_after_prefix", "baseline": "self_refine", "rounds": 1, "valid": true, "goal_satisfied": true, "pass_but_wrong": false}
[external] multiskill_pick_place_007 seed=0 pressure=duplicate_skill_after_prefix baseline=checker_loop
{"task_id": "multiskill_pick_place_007", "seed": 0, "pressure_type": "duplicate_skill_after_prefix", "baseline": "checker_loop", "rounds": 1, "valid": true, "goal_satisfied": true, "pass_but_wrong": false, "checker_rounds": 2}
[external] multiskill_pick_place_007 seed=0 pressure=unknown_object_after_generic_prefix baseline=self_refine
{"task_id": "multiskill_pick_place_007", "seed": 0, "pressure_type": "unknown_object_after_generic_prefix", "baseline": "self_refine", "rounds": 1, "valid": true, "goal_satisfied": true, "pass_but_wrong": false}
[external] multiskill_pick_place_007 seed=0 pressure=unknown_object_after_generic_prefix baseline=checker_loop
{"task_id": "multiskill_pick_place_007", "seed": 0, "pressure_type": "unknown_object_after_generic_prefix", "baseline": "checker_loop", "rounds": 1, "valid": true, "goal_satisfied": true, "pass_but_wrong": false, "checker_rounds": 2}
[external] multiskill_pick_place_007 seed=0 pressure=invalid_action_after_prefix baseline=self_refine
{"task_id": "multiskill_pick_place_007", "seed": 0, "pressure_type": "invalid_action_after_prefix", "baseline": "self_refine", "rounds": 1, "valid": true, "goal_satisfied": true, "pass_but_wrong": false}
[external] multiskill_pick_place_007 seed=0 pressure=invalid_action_after_prefix baseline=checker_loop
{"task_id": "multiskill_pick_place_007", "seed": 0, "pressure_type": "invalid_action_after_prefix", "baseline": "checker_loop", "rounds": 1, "valid": true, "goal_satisfied": true, "pass_but_wrong": false, "checker_rounds": 2}
[external] multiskill_pick_place_007 seed=1 pressure=duplicate_skill_after_prefix baseline=self_refine
{"task_id": "multiskill_pick_place_007", "seed": 1, "pressure_type": "duplicate_skill_after_prefix", "baseline": "self_refine", "rounds": 1, "valid": true, "goal_satisfied": true, "pass_but_wrong": false}
[external] multiskill_pick_place_007 seed=1 pressure=duplicate_skill_after_prefix baseline=checker_loop
{"task_id": "multiskill_pick_place_007", "seed": 1, "pressure_type": "duplicate_skill_after_prefix", "baseline": "checker_loop", "rounds": 1, "valid": true, "goal_satisfied": true, "pass_but_wrong": false, "checker_rounds": 2}
[external] multiskill_pick_place_007 seed=1 pressure=unknown_object_after_generic_prefix baseline=self_refine
{"task_id": "multiskill_pick_place_007", "seed": 1, "pressure_type": "unknown_object_after_generic_prefix", "baseline": "self_refine", "rounds": 1, "valid": true, "goal_satisfied": true, "pass_but_wrong": false}
[external] multiskill_pick_place_007 seed=1 pressure=unknown_object_after_generic_prefix baseline=checker_loop
{"task_id": "multiskill_pick_place_007", "seed": 1, "pressure_type": "unknown_object_after_generic_prefix", "baseline": "checker_loop", "rounds": 1, "valid": true, "goal_satisfied": true, "pass_but_wrong": false, "checker_rounds": 2}
[external] multiskill_pick_place_007 seed=1 pressure=invalid_action_after_prefix baseline=self_refine
{"task_id": "multiskill_pick_place_007", "seed": 1, "pressure_type": "invalid_action_after_prefix", "baseline": "self_refine", "rounds": 1, "valid": true, "goal_satisfied": true, "pass_but_wrong": false}
[external] multiskill_pick_place_007 seed=1 pressure=invalid_action_after_prefix baseline=checker_loop
{"task_id": "multiskill_pick_place_007", "seed": 1, "pressure_type": "invalid_action_after_prefix", "baseline": "checker_loop", "rounds": 1, "valid": true, "goal_satisfied": true, "pass_but_wrong": false, "checker_rounds": 2}
[external] multiskill_pick_place_007 seed=2 pressure=duplicate_skill_after_prefix baseline=self_refine
{"task_id": "multiskill_pick_place_007", "seed": 2, "pressure_type": "duplicate_skill_after_prefix", "baseline": "self_refine", "rounds": 1, "valid": true, "goal_satisfied": true, "pass_but_wrong": false}
[external] multiskill_pick_place_007 seed=2 pressure=duplicate_skill_after_prefix baseline=checker_loop
{"task_id": "multiskill_pick_place_007", "seed": 2, "pressure_type": "duplicate_skill_after_prefix", "baseline": "checker_loop", "rounds": 1, "valid": true, "goal_satisfied": true, "pass_but_wrong": false, "checker_rounds": 2}
[external] multiskill_pick_place_007 seed=2 pressure=unknown_object_after_generic_prefix baseline=self_refine
{"task_id": "multiskill_pick_place_007", "seed": 2, "pressure_type": "unknown_object_after_generic_prefix", "baseline": "self_refine", "rounds": 1, "valid": true, "goal_satisfied": true, "pass_but_wrong": false}
[external] multiskill_pick_place_007 seed=2 pressure=unknown_object_after_generic_prefix baseline=checker_loop
{"task_id": "multiskill_pick_place_007", "seed": 2, "pressure_type": "unknown_object_after_generic_prefix", "baseline": "checker_loop", "rounds": 1, "valid": true, "goal_satisfied": true, "pass_but_wrong": false, "checker_rounds": 2}
[external] multiskill_pick_place_007 seed=2 pressure=invalid_action_after_prefix baseline=self_refine
{"task_id": "multiskill_pick_place_007", "seed": 2, "pressure_type": "invalid_action_after_prefix", "baseline": "self_refine", "rounds": 1, "valid": true, "goal_satisfied": true, "pass_but_wrong": false}
[external] multiskill_pick_place_007 seed=2 pressure=invalid_action_after_prefix baseline=checker_loop
{"task_id": "multiskill_pick_place_007", "seed": 2, "pressure_type": "invalid_action_after_prefix", "baseline": "checker_loop", "rounds": 1, "valid": true, "goal_satisfied": true, "pass_but_wrong": false, "checker_rounds": 2}
[external] multiskill_pick_place_008 seed=0 pressure=duplicate_skill_after_prefix baseline=self_refine
{"task_id": "multiskill_pick_place_008", "seed": 0, "pressure_type": "duplicate_skill_after_prefix", "baseline": "self_refine", "rounds": 1, "valid": true, "goal_satisfied": true, "pass_but_wrong": false}
[external] multiskill_pick_place_008 seed=0 pressure=duplicate_skill_after_prefix baseline=checker_loop
{"task_id": "multiskill_pick_place_008", "seed": 0, "pressure_type": "duplicate_skill_after_prefix", "baseline": "checker_loop", "rounds": 1, "valid": true, "goal_satisfied": true, "pass_but_wrong": false, "checker_rounds": 2}
[external] multiskill_pick_place_008 seed=0 pressure=unknown_object_after_generic_prefix baseline=self_refine
{"task_id": "multiskill_pick_place_008", "seed": 0, "pressure_type": "unknown_object_after_generic_prefix", "baseline": "self_refine", "rounds": 1, "valid": true, "goal_satisfied": true, "pass_but_wrong": false}
[external] multiskill_pick_place_008 seed=0 pressure=unknown_object_after_generic_prefix baseline=checker_loop
{"task_id": "multiskill_pick_place_008", "seed": 0, "pressure_type": "unknown_object_after_generic_prefix", "baseline": "checker_loop", "rounds": 1, "valid": true, "goal_satisfied": true, "pass_but_wrong": false, "checker_rounds": 2}
[external] multiskill_pick_place_008 seed=0 pressure=invalid_action_after_prefix baseline=self_refine
{"task_id": "multiskill_pick_place_008", "seed": 0, "pressure_type": "invalid_action_after_prefix", "baseline": "self_refine", "rounds": 1, "valid": true, "goal_satisfied": true, "pass_but_wrong": false}
[external] multiskill_pick_place_008 seed=0 pressure=invalid_action_after_prefix baseline=checker_loop
{"task_id": "multiskill_pick_place_008", "seed": 0, "pressure_type": "invalid_action_after_prefix", "baseline": "checker_loop", "rounds": 1, "valid": true, "goal_satisfied": true, "pass_but_wrong": false, "checker_rounds": 2}
[external] multiskill_pick_place_008 seed=1 pressure=duplicate_skill_after_prefix baseline=self_refine
{"task_id": "multiskill_pick_place_008", "seed": 1, "pressure_type": "duplicate_skill_after_prefix", "baseline": "self_refine", "rounds": 1, "valid": true, "goal_satisfied": true, "pass_but_wrong": false}
[external] multiskill_pick_place_008 seed=1 pressure=duplicate_skill_after_prefix baseline=checker_loop
{"task_id": "multiskill_pick_place_008", "seed": 1, "pressure_type": "duplicate_skill_after_prefix", "baseline": "checker_loop", "rounds": 1, "valid": true, "goal_satisfied": true, "pass_but_wrong": false, "checker_rounds": 2}
[external] multiskill_pick_place_008 seed=1 pressure=unknown_object_after_generic_prefix baseline=self_refine
{"task_id": "multiskill_pick_place_008", "seed": 1, "pressure_type": "unknown_object_after_generic_prefix", "baseline": "self_refine", "rounds": 1, "valid": true, "goal_satisfied": true, "pass_but_wrong": false}
[external] multiskill_pick_place_008 seed=1 pressure=unknown_object_after_generic_prefix baseline=checker_loop
{"task_id": "multiskill_pick_place_008", "seed": 1, "pressure_type": "unknown_object_after_generic_prefix", "baseline": "checker_loop", "rounds": 1, "valid": true, "goal_satisfied": true, "pass_but_wrong": false, "checker_rounds": 2}
[external] multiskill_pick_place_008 seed=1 pressure=invalid_action_after_prefix baseline=self_refine
{"task_id": "multiskill_pick_place_008", "seed": 1, "pressure_type": "invalid_action_after_prefix", "baseline": "self_refine", "rounds": 1, "valid": true, "goal_satisfied": true, "pass_but_wrong": false}
[external] multiskill_pick_place_008 seed=1 pressure=invalid_action_after_prefix baseline=checker_loop
{"task_id": "multiskill_pick_place_008", "seed": 1, "pressure_type": "invalid_action_after_prefix", "baseline": "checker_loop", "rounds": 1, "valid": true, "goal_satisfied": true, "pass_but_wrong": false, "checker_rounds": 2}
[external] multiskill_pick_place_008 seed=2 pressure=duplicate_skill_after_prefix baseline=self_refine
{"task_id": "multiskill_pick_place_008", "seed": 2, "pressure_type": "duplicate_skill_after_prefix", "baseline": "self_refine", "rounds": 1, "valid": true, "goal_satisfied": true, "pass_but_wrong": false}
[external] multiskill_pick_place_008 seed=2 pressure=duplicate_skill_after_prefix baseline=checker_loop
{"task_id": "multiskill_pick_place_008", "seed": 2, "pressure_type": "duplicate_skill_after_prefix", "baseline": "checker_loop", "rounds": 1, "valid": true, "goal_satisfied": true, "pass_but_wrong": false, "checker_rounds": 2}
[external] multiskill_pick_place_008 seed=2 pressure=unknown_object_after_generic_prefix baseline=self_refine
{"task_id": "multiskill_pick_place_008", "seed": 2, "pressure_type": "unknown_object_after_generic_prefix", "baseline": "self_refine", "rounds": 1, "valid": true, "goal_satisfied": true, "pass_but_wrong": false}
[external] multiskill_pick_place_008 seed=2 pressure=unknown_object_after_generic_prefix baseline=checker_loop
{"task_id": "multiskill_pick_place_008", "seed": 2, "pressure_type": "unknown_object_after_generic_prefix", "baseline": "checker_loop", "rounds": 1, "valid": true, "goal_satisfied": true, "pass_but_wrong": false, "checker_rounds": 2}
[external] multiskill_pick_place_008 seed=2 pressure=invalid_action_after_prefix baseline=self_refine
{"task_id": "multiskill_pick_place_008", "seed": 2, "pressure_type": "invalid_action_after_prefix", "baseline": "self_refine", "rounds": 1, "valid": true, "goal_satisfied": true, "pass_but_wrong": false}
[external] multiskill_pick_place_008 seed=2 pressure=invalid_action_after_prefix baseline=checker_loop
{"task_id": "multiskill_pick_place_008", "seed": 2, "pressure_type": "invalid_action_after_prefix", "baseline": "checker_loop", "rounds": 1, "valid": true, "goal_satisfied": true, "pass_but_wrong": false, "checker_rounds": 2}
[external] multiskill_pick_place_009 seed=0 pressure=duplicate_skill_after_prefix baseline=self_refine
{"task_id": "multiskill_pick_place_009", "seed": 0, "pressure_type": "duplicate_skill_after_prefix", "baseline": "self_refine", "rounds": 1, "valid": true, "goal_satisfied": true, "pass_but_wrong": false}
[external] multiskill_pick_place_009 seed=0 pressure=duplicate_skill_after_prefix baseline=checker_loop
{"task_id": "multiskill_pick_place_009", "seed": 0, "pressure_type": "duplicate_skill_after_prefix", "baseline": "checker_loop", "rounds": 1, "valid": true, "goal_satisfied": true, "pass_but_wrong": false, "checker_rounds": 2}
[external] multiskill_pick_place_009 seed=0 pressure=unknown_object_after_generic_prefix baseline=self_refine
{"task_id": "multiskill_pick_place_009", "seed": 0, "pressure_type": "unknown_object_after_generic_prefix", "baseline": "self_refine", "rounds": 1, "valid": true, "goal_satisfied": true, "pass_but_wrong": false}
[external] multiskill_pick_place_009 seed=0 pressure=unknown_object_after_generic_prefix baseline=checker_loop
{"task_id": "multiskill_pick_place_009", "seed": 0, "pressure_type": "unknown_object_after_generic_prefix", "baseline": "checker_loop", "rounds": 1, "valid": true, "goal_satisfied": true, "pass_but_wrong": false, "checker_rounds": 2}
[external] multiskill_pick_place_009 seed=0 pressure=invalid_action_after_prefix baseline=self_refine
{"task_id": "multiskill_pick_place_009", "seed": 0, "pressure_type": "invalid_action_after_prefix", "baseline": "self_refine", "rounds": 1, "valid": true, "goal_satisfied": true, "pass_but_wrong": false}
[external] multiskill_pick_place_009 seed=0 pressure=invalid_action_after_prefix baseline=checker_loop
{"task_id": "multiskill_pick_place_009", "seed": 0, "pressure_type": "invalid_action_after_prefix", "baseline": "checker_loop", "rounds": 1, "valid": true, "goal_satisfied": true, "pass_but_wrong": false, "checker_rounds": 2}
[external] multiskill_pick_place_009 seed=1 pressure=duplicate_skill_after_prefix baseline=self_refine
{"task_id": "multiskill_pick_place_009", "seed": 1, "pressure_type": "duplicate_skill_after_prefix", "baseline": "self_refine", "rounds": 1, "valid": true, "goal_satisfied": true, "pass_but_wrong": false}
[external] multiskill_pick_place_009 seed=1 pressure=duplicate_skill_after_prefix baseline=checker_loop
{"task_id": "multiskill_pick_place_009", "seed": 1, "pressure_type": "duplicate_skill_after_prefix", "baseline": "checker_loop", "rounds": 1, "valid": true, "goal_satisfied": true, "pass_but_wrong": false, "checker_rounds": 2}
[external] multiskill_pick_place_009 seed=1 pressure=unknown_object_after_generic_prefix baseline=self_refine
{"task_id": "multiskill_pick_place_009", "seed": 1, "pressure_type": "unknown_object_after_generic_prefix", "baseline": "self_refine", "rounds": 1, "valid": true, "goal_satisfied": true, "pass_but_wrong": false}
[external] multiskill_pick_place_009 seed=1 pressure=unknown_object_after_generic_prefix baseline=checker_loop
{"task_id": "multiskill_pick_place_009", "seed": 1, "pressure_type": "unknown_object_after_generic_prefix", "baseline": "checker_loop", "rounds": 1, "valid": true, "goal_satisfied": true, "pass_but_wrong": false, "checker_rounds": 2}
[external] multiskill_pick_place_009 seed=1 pressure=invalid_action_after_prefix baseline=self_refine
{"task_id": "multiskill_pick_place_009", "seed": 1, "pressure_type": "invalid_action_after_prefix", "baseline": "self_refine", "rounds": 1, "valid": true, "goal_satisfied": true, "pass_but_wrong": false}
[external] multiskill_pick_place_009 seed=1 pressure=invalid_action_after_prefix baseline=checker_loop
{"task_id": "multiskill_pick_place_009", "seed": 1, "pressure_type": "invalid_action_after_prefix", "baseline": "checker_loop", "rounds": 1, "valid": true, "goal_satisfied": true, "pass_but_wrong": false, "checker_rounds": 2}
[external] multiskill_pick_place_009 seed=2 pressure=duplicate_skill_after_prefix baseline=self_refine
{"task_id": "multiskill_pick_place_009", "seed": 2, "pressure_type": "duplicate_skill_after_prefix", "baseline": "self_refine", "rounds": 1, "valid": true, "goal_satisfied": true, "pass_but_wrong": false}
[external] multiskill_pick_place_009 seed=2 pressure=duplicate_skill_after_prefix baseline=checker_loop
{"task_id": "multiskill_pick_place_009", "seed": 2, "pressure_type": "duplicate_skill_after_prefix", "baseline": "checker_loop", "rounds": 1, "valid": true, "goal_satisfied": true, "pass_but_wrong": false, "checker_rounds": 2}
[external] multiskill_pick_place_009 seed=2 pressure=unknown_object_after_generic_prefix baseline=self_refine
{"task_id": "multiskill_pick_place_009", "seed": 2, "pressure_type": "unknown_object_after_generic_prefix", "baseline": "self_refine", "rounds": 1, "valid": true, "goal_satisfied": true, "pass_but_wrong": false}
[external] multiskill_pick_place_009 seed=2 pressure=unknown_object_after_generic_prefix baseline=checker_loop
{"task_id": "multiskill_pick_place_009", "seed": 2, "pressure_type": "unknown_object_after_generic_prefix", "baseline": "checker_loop", "rounds": 1, "valid": true, "goal_satisfied": true, "pass_but_wrong": false, "checker_rounds": 2}
[external] multiskill_pick_place_009 seed=2 pressure=invalid_action_after_prefix baseline=self_refine
{"task_id": "multiskill_pick_place_009", "seed": 2, "pressure_type": "invalid_action_after_prefix", "baseline": "self_refine", "rounds": 1, "valid": true, "goal_satisfied": true, "pass_but_wrong": false}
[external] multiskill_pick_place_009 seed=2 pressure=invalid_action_after_prefix baseline=checker_loop
{"task_id": "multiskill_pick_place_009", "seed": 2, "pressure_type": "invalid_action_after_prefix", "baseline": "checker_loop", "rounds": 1, "valid": true, "goal_satisfied": true, "pass_but_wrong": false, "checker_rounds": 2}
[external] multiskill_pick_place_010 seed=0 pressure=duplicate_skill_after_prefix baseline=self_refine
{"task_id": "multiskill_pick_place_010", "seed": 0, "pressure_type": "duplicate_skill_after_prefix", "baseline": "self_refine", "rounds": 1, "valid": true, "goal_satisfied": true, "pass_but_wrong": false}
[external] multiskill_pick_place_010 seed=0 pressure=duplicate_skill_after_prefix baseline=checker_loop
{"task_id": "multiskill_pick_place_010", "seed": 0, "pressure_type": "duplicate_skill_after_prefix", "baseline": "checker_loop", "rounds": 1, "valid": true, "goal_satisfied": true, "pass_but_wrong": false, "checker_rounds": 2}
[external] multiskill_pick_place_010 seed=0 pressure=unknown_object_after_generic_prefix baseline=self_refine
{"task_id": "multiskill_pick_place_010", "seed": 0, "pressure_type": "unknown_object_after_generic_prefix", "baseline": "self_refine", "rounds": 1, "valid": true, "goal_satisfied": true, "pass_but_wrong": false}
[external] multiskill_pick_place_010 seed=0 pressure=unknown_object_after_generic_prefix baseline=checker_loop
{"task_id": "multiskill_pick_place_010", "seed": 0, "pressure_type": "unknown_object_after_generic_prefix", "baseline": "checker_loop", "rounds": 1, "valid": true, "goal_satisfied": true, "pass_but_wrong": false, "checker_rounds": 2}
[external] multiskill_pick_place_010 seed=0 pressure=invalid_action_after_prefix baseline=self_refine
{"task_id": "multiskill_pick_place_010", "seed": 0, "pressure_type": "invalid_action_after_prefix", "baseline": "self_refine", "rounds": 1, "valid": true, "goal_satisfied": true, "pass_but_wrong": false}
[external] multiskill_pick_place_010 seed=0 pressure=invalid_action_after_prefix baseline=checker_loop
{"task_id": "multiskill_pick_place_010", "seed": 0, "pressure_type": "invalid_action_after_prefix", "baseline": "checker_loop", "rounds": 1, "valid": true, "goal_satisfied": true, "pass_but_wrong": false, "checker_rounds": 2}
[external] multiskill_pick_place_010 seed=1 pressure=duplicate_skill_after_prefix baseline=self_refine
{"task_id": "multiskill_pick_place_010", "seed": 1, "pressure_type": "duplicate_skill_after_prefix", "baseline": "self_refine", "rounds": 1, "valid": true, "goal_satisfied": true, "pass_but_wrong": false}
[external] multiskill_pick_place_010 seed=1 pressure=duplicate_skill_after_prefix baseline=checker_loop
{"task_id": "multiskill_pick_place_010", "seed": 1, "pressure_type": "duplicate_skill_after_prefix", "baseline": "checker_loop", "rounds": 1, "valid": true, "goal_satisfied": true, "pass_but_wrong": false, "checker_rounds": 2}
[external] multiskill_pick_place_010 seed=1 pressure=unknown_object_after_generic_prefix baseline=self_refine
{"task_id": "multiskill_pick_place_010", "seed": 1, "pressure_type": "unknown_object_after_generic_prefix", "baseline": "self_refine", "rounds": 1, "valid": true, "goal_satisfied": true, "pass_but_wrong": false}
[external] multiskill_pick_place_010 seed=1 pressure=unknown_object_after_generic_prefix baseline=checker_loop
{"task_id": "multiskill_pick_place_010", "seed": 1, "pressure_type": "unknown_object_after_generic_prefix", "baseline": "checker_loop", "rounds": 1, "valid": true, "goal_satisfied": true, "pass_but_wrong": false, "checker_rounds": 2}
[external] multiskill_pick_place_010 seed=1 pressure=invalid_action_after_prefix baseline=self_refine
{"task_id": "multiskill_pick_place_010", "seed": 1, "pressure_type": "invalid_action_after_prefix", "baseline": "self_refine", "rounds": 1, "valid": true, "goal_satisfied": true, "pass_but_wrong": false}
[external] multiskill_pick_place_010 seed=1 pressure=invalid_action_after_prefix baseline=checker_loop
{"task_id": "multiskill_pick_place_010", "seed": 1, "pressure_type": "invalid_action_after_prefix", "baseline": "checker_loop", "rounds": 1, "valid": true, "goal_satisfied": true, "pass_but_wrong": false, "checker_rounds": 2}
[external] multiskill_pick_place_010 seed=2 pressure=duplicate_skill_after_prefix baseline=self_refine
{"task_id": "multiskill_pick_place_010", "seed": 2, "pressure_type": "duplicate_skill_after_prefix", "baseline": "self_refine", "rounds": 1, "valid": true, "goal_satisfied": true, "pass_but_wrong": false}
[external] multiskill_pick_place_010 seed=2 pressure=duplicate_skill_after_prefix baseline=checker_loop
{"task_id": "multiskill_pick_place_010", "seed": 2, "pressure_type": "duplicate_skill_after_prefix", "baseline": "checker_loop", "rounds": 1, "valid": true, "goal_satisfied": true, "pass_but_wrong": false, "checker_rounds": 2}
[external] multiskill_pick_place_010 seed=2 pressure=unknown_object_after_generic_prefix baseline=self_refine
{"task_id": "multiskill_pick_place_010", "seed": 2, "pressure_type": "unknown_object_after_generic_prefix", "baseline": "self_refine", "rounds": 1, "valid": true, "goal_satisfied": true, "pass_but_wrong": false}
[external] multiskill_pick_place_010 seed=2 pressure=unknown_object_after_generic_prefix baseline=checker_loop
{"task_id": "multiskill_pick_place_010", "seed": 2, "pressure_type": "unknown_object_after_generic_prefix", "baseline": "checker_loop", "rounds": 1, "valid": true, "goal_satisfied": true, "pass_but_wrong": false, "checker_rounds": 2}
[external] multiskill_pick_place_010 seed=2 pressure=invalid_action_after_prefix baseline=self_refine
{"task_id": "multiskill_pick_place_010", "seed": 2, "pressure_type": "invalid_action_after_prefix", "baseline": "self_refine", "rounds": 1, "valid": true, "goal_satisfied": true, "pass_but_wrong": false}
[external] multiskill_pick_place_010 seed=2 pressure=invalid_action_after_prefix baseline=checker_loop
{"task_id": "multiskill_pick_place_010", "seed": 2, "pressure_type": "invalid_action_after_prefix", "baseline": "checker_loop", "rounds": 1, "valid": true, "goal_satisfied": true, "pass_but_wrong": false, "checker_rounds": 2}
[external] multiskill_pick_place_011 seed=0 pressure=duplicate_skill_after_prefix baseline=self_refine
{"task_id": "multiskill_pick_place_011", "seed": 0, "pressure_type": "duplicate_skill_after_prefix", "baseline": "self_refine", "rounds": 1, "valid": true, "goal_satisfied": true, "pass_but_wrong": false}
[external] multiskill_pick_place_011 seed=0 pressure=duplicate_skill_after_prefix baseline=checker_loop
{"task_id": "multiskill_pick_place_011", "seed": 0, "pressure_type": "duplicate_skill_after_prefix", "baseline": "checker_loop", "rounds": 1, "valid": true, "goal_satisfied": true, "pass_but_wrong": false, "checker_rounds": 2}
[external] multiskill_pick_place_011 seed=0 pressure=unknown_object_after_generic_prefix baseline=self_refine
{"task_id": "multiskill_pick_place_011", "seed": 0, "pressure_type": "unknown_object_after_generic_prefix", "baseline": "self_refine", "rounds": 1, "valid": true, "goal_satisfied": true, "pass_but_wrong": false}
[external] multiskill_pick_place_011 seed=0 pressure=unknown_object_after_generic_prefix baseline=checker_loop
{"task_id": "multiskill_pick_place_011", "seed": 0, "pressure_type": "unknown_object_after_generic_prefix", "baseline": "checker_loop", "rounds": 1, "valid": true, "goal_satisfied": true, "pass_but_wrong": false, "checker_rounds": 2}
[external] multiskill_pick_place_011 seed=0 pressure=invalid_action_after_prefix baseline=self_refine
{"task_id": "multiskill_pick_place_011", "seed": 0, "pressure_type": "invalid_action_after_prefix", "baseline": "self_refine", "rounds": 1, "valid": true, "goal_satisfied": true, "pass_but_wrong": false}
[external] multiskill_pick_place_011 seed=0 pressure=invalid_action_after_prefix baseline=checker_loop
{"task_id": "multiskill_pick_place_011", "seed": 0, "pressure_type": "invalid_action_after_prefix", "baseline": "checker_loop", "rounds": 1, "valid": true, "goal_satisfied": true, "pass_but_wrong": false, "checker_rounds": 2}
[external] multiskill_pick_place_011 seed=1 pressure=duplicate_skill_after_prefix baseline=self_refine
{"task_id": "multiskill_pick_place_011", "seed": 1, "pressure_type": "duplicate_skill_after_prefix", "baseline": "self_refine", "rounds": 1, "valid": true, "goal_satisfied": true, "pass_but_wrong": false}
[external] multiskill_pick_place_011 seed=1 pressure=duplicate_skill_after_prefix baseline=checker_loop
{"task_id": "multiskill_pick_place_011", "seed": 1, "pressure_type": "duplicate_skill_after_prefix", "baseline": "checker_loop", "rounds": 1, "valid": true, "goal_satisfied": true, "pass_but_wrong": false, "checker_rounds": 2}
[external] multiskill_pick_place_011 seed=1 pressure=unknown_object_after_generic_prefix baseline=self_refine
{"task_id": "multiskill_pick_place_011", "seed": 1, "pressure_type": "unknown_object_after_generic_prefix", "baseline": "self_refine", "rounds": 1, "valid": true, "goal_satisfied": true, "pass_but_wrong": false}
[external] multiskill_pick_place_011 seed=1 pressure=unknown_object_after_generic_prefix baseline=checker_loop
{"task_id": "multiskill_pick_place_011", "seed": 1, "pressure_type": "unknown_object_after_generic_prefix", "baseline": "checker_loop", "rounds": 1, "valid": true, "goal_satisfied": true, "pass_but_wrong": false, "checker_rounds": 2}
[external] multiskill_pick_place_011 seed=1 pressure=invalid_action_after_prefix baseline=self_refine
{"task_id": "multiskill_pick_place_011", "seed": 1, "pressure_type": "invalid_action_after_prefix", "baseline": "self_refine", "rounds": 1, "valid": true, "goal_satisfied": true, "pass_but_wrong": false}
[external] multiskill_pick_place_011 seed=1 pressure=invalid_action_after_prefix baseline=checker_loop
{"task_id": "multiskill_pick_place_011", "seed": 1, "pressure_type": "invalid_action_after_prefix", "baseline": "checker_loop", "rounds": 1, "valid": true, "goal_satisfied": true, "pass_but_wrong": false, "checker_rounds": 2}
[external] multiskill_pick_place_011 seed=2 pressure=duplicate_skill_after_prefix baseline=self_refine
{"task_id": "multiskill_pick_place_011", "seed": 2, "pressure_type": "duplicate_skill_after_prefix", "baseline": "self_refine", "rounds": 1, "valid": true, "goal_satisfied": true, "pass_but_wrong": false}
[external] multiskill_pick_place_011 seed=2 pressure=duplicate_skill_after_prefix baseline=checker_loop
{"task_id": "multiskill_pick_place_011", "seed": 2, "pressure_type": "duplicate_skill_after_prefix", "baseline": "checker_loop", "rounds": 1, "valid": true, "goal_satisfied": true, "pass_but_wrong": false, "checker_rounds": 2}
[external] multiskill_pick_place_011 seed=2 pressure=unknown_object_after_generic_prefix baseline=self_refine
{"task_id": "multiskill_pick_place_011", "seed": 2, "pressure_type": "unknown_object_after_generic_prefix", "baseline": "self_refine", "rounds": 1, "valid": true, "goal_satisfied": true, "pass_but_wrong": false}
[external] multiskill_pick_place_011 seed=2 pressure=unknown_object_after_generic_prefix baseline=checker_loop
{"task_id": "multiskill_pick_place_011", "seed": 2, "pressure_type": "unknown_object_after_generic_prefix", "baseline": "checker_loop", "rounds": 1, "valid": true, "goal_satisfied": true, "pass_but_wrong": false, "checker_rounds": 2}
[external] multiskill_pick_place_011 seed=2 pressure=invalid_action_after_prefix baseline=self_refine
{"task_id": "multiskill_pick_place_011", "seed": 2, "pressure_type": "invalid_action_after_prefix", "baseline": "self_refine", "rounds": 1, "valid": true, "goal_satisfied": true, "pass_but_wrong": false}
[external] multiskill_pick_place_011 seed=2 pressure=invalid_action_after_prefix baseline=checker_loop
{"task_id": "multiskill_pick_place_011", "seed": 2, "pressure_type": "invalid_action_after_prefix", "baseline": "checker_loop", "rounds": 1, "valid": true, "goal_satisfied": true, "pass_but_wrong": false, "checker_rounds": 2}
[external] multiskill_push_012 seed=0 pressure=duplicate_skill_after_prefix baseline=self_refine
{"task_id": "multiskill_push_012", "seed": 0, "pressure_type": "duplicate_skill_after_prefix", "baseline": "self_refine", "rounds": 1, "valid": false, "goal_satisfied": false, "pass_but_wrong": false}
[external] multiskill_push_012 seed=0 pressure=duplicate_skill_after_prefix baseline=checker_loop
{"task_id": "multiskill_push_012", "seed": 0, "pressure_type": "duplicate_skill_after_prefix", "baseline": "checker_loop", "rounds": 2, "valid": true, "goal_satisfied": false, "pass_but_wrong": true, "checker_rounds": 2}
[external] multiskill_push_012 seed=0 pressure=unknown_object_after_generic_prefix baseline=self_refine
{"task_id": "multiskill_push_012", "seed": 0, "pressure_type": "unknown_object_after_generic_prefix", "baseline": "self_refine", "rounds": 1, "valid": false, "goal_satisfied": false, "pass_but_wrong": false}
[external] multiskill_push_012 seed=0 pressure=unknown_object_after_generic_prefix baseline=checker_loop
{"task_id": "multiskill_push_012", "seed": 0, "pressure_type": "unknown_object_after_generic_prefix", "baseline": "checker_loop", "rounds": 1, "valid": true, "goal_satisfied": false, "pass_but_wrong": true, "checker_rounds": 2}
[external] multiskill_push_012 seed=0 pressure=invalid_action_after_prefix baseline=self_refine
{"task_id": "multiskill_push_012", "seed": 0, "pressure_type": "invalid_action_after_prefix", "baseline": "self_refine", "rounds": 1, "valid": false, "goal_satisfied": false, "pass_but_wrong": false}
[external] multiskill_push_012 seed=0 pressure=invalid_action_after_prefix baseline=checker_loop
{"task_id": "multiskill_push_012", "seed": 0, "pressure_type": "invalid_action_after_prefix", "baseline": "checker_loop", "rounds": 1, "valid": true, "goal_satisfied": true, "pass_but_wrong": false, "checker_rounds": 2}
[external] multiskill_push_012 seed=1 pressure=duplicate_skill_after_prefix baseline=self_refine
{"task_id": "multiskill_push_012", "seed": 1, "pressure_type": "duplicate_skill_after_prefix", "baseline": "self_refine", "rounds": 1, "valid": false, "goal_satisfied": false, "pass_but_wrong": false}
[external] multiskill_push_012 seed=1 pressure=duplicate_skill_after_prefix baseline=checker_loop
{"task_id": "multiskill_push_012", "seed": 1, "pressure_type": "duplicate_skill_after_prefix", "baseline": "checker_loop", "rounds": 2, "valid": true, "goal_satisfied": false, "pass_but_wrong": true, "checker_rounds": 2}
[external] multiskill_push_012 seed=1 pressure=unknown_object_after_generic_prefix baseline=self_refine
{"task_id": "multiskill_push_012", "seed": 1, "pressure_type": "unknown_object_after_generic_prefix", "baseline": "self_refine", "rounds": 1, "valid": false, "goal_satisfied": false, "pass_but_wrong": false}
[external] multiskill_push_012 seed=1 pressure=unknown_object_after_generic_prefix baseline=checker_loop
{"task_id": "multiskill_push_012", "seed": 1, "pressure_type": "unknown_object_after_generic_prefix", "baseline": "checker_loop", "rounds": 1, "valid": true, "goal_satisfied": false, "pass_but_wrong": true, "checker_rounds": 2}
[external] multiskill_push_012 seed=1 pressure=invalid_action_after_prefix baseline=self_refine
{"task_id": "multiskill_push_012", "seed": 1, "pressure_type": "invalid_action_after_prefix", "baseline": "self_refine", "rounds": 1, "valid": false, "goal_satisfied": false, "pass_but_wrong": false}
[external] multiskill_push_012 seed=1 pressure=invalid_action_after_prefix baseline=checker_loop
{"task_id": "multiskill_push_012", "seed": 1, "pressure_type": "invalid_action_after_prefix", "baseline": "checker_loop", "rounds": 1, "valid": true, "goal_satisfied": true, "pass_but_wrong": false, "checker_rounds": 2}
[external] multiskill_push_012 seed=2 pressure=duplicate_skill_after_prefix baseline=self_refine
{"task_id": "multiskill_push_012", "seed": 2, "pressure_type": "duplicate_skill_after_prefix", "baseline": "self_refine", "rounds": 1, "valid": false, "goal_satisfied": false, "pass_but_wrong": false}
[external] multiskill_push_012 seed=2 pressure=duplicate_skill_after_prefix baseline=checker_loop
{"task_id": "multiskill_push_012", "seed": 2, "pressure_type": "duplicate_skill_after_prefix", "baseline": "checker_loop", "rounds": 2, "valid": true, "goal_satisfied": false, "pass_but_wrong": true, "checker_rounds": 2}
[external] multiskill_push_012 seed=2 pressure=unknown_object_after_generic_prefix baseline=self_refine
{"task_id": "multiskill_push_012", "seed": 2, "pressure_type": "unknown_object_after_generic_prefix", "baseline": "self_refine", "rounds": 1, "valid": false, "goal_satisfied": false, "pass_but_wrong": false}
[external] multiskill_push_012 seed=2 pressure=unknown_object_after_generic_prefix baseline=checker_loop
{"task_id": "multiskill_push_012", "seed": 2, "pressure_type": "unknown_object_after_generic_prefix", "baseline": "checker_loop", "rounds": 1, "valid": true, "goal_satisfied": false, "pass_but_wrong": true, "checker_rounds": 2}
[external] multiskill_push_012 seed=2 pressure=invalid_action_after_prefix baseline=self_refine
{"task_id": "multiskill_push_012", "seed": 2, "pressure_type": "invalid_action_after_prefix", "baseline": "self_refine", "rounds": 1, "valid": false, "goal_satisfied": false, "pass_but_wrong": false}
[external] multiskill_push_012 seed=2 pressure=invalid_action_after_prefix baseline=checker_loop
{"task_id": "multiskill_push_012", "seed": 2, "pressure_type": "invalid_action_after_prefix", "baseline": "checker_loop", "rounds": 1, "valid": true, "goal_satisfied": true, "pass_but_wrong": false, "checker_rounds": 2}
[external] multiskill_push_013 seed=0 pressure=duplicate_skill_after_prefix baseline=self_refine
{"task_id": "multiskill_push_013", "seed": 0, "pressure_type": "duplicate_skill_after_prefix", "baseline": "self_refine", "rounds": 1, "valid": false, "goal_satisfied": false, "pass_but_wrong": false}
[external] multiskill_push_013 seed=0 pressure=duplicate_skill_after_prefix baseline=checker_loop
{"task_id": "multiskill_push_013", "seed": 0, "pressure_type": "duplicate_skill_after_prefix", "baseline": "checker_loop", "rounds": 2, "valid": true, "goal_satisfied": false, "pass_but_wrong": true, "checker_rounds": 2}
[external] multiskill_push_013 seed=0 pressure=unknown_object_after_generic_prefix baseline=self_refine
{"task_id": "multiskill_push_013", "seed": 0, "pressure_type": "unknown_object_after_generic_prefix", "baseline": "self_refine", "rounds": 1, "valid": false, "goal_satisfied": false, "pass_but_wrong": false}
[external] multiskill_push_013 seed=0 pressure=unknown_object_after_generic_prefix baseline=checker_loop
{"task_id": "multiskill_push_013", "seed": 0, "pressure_type": "unknown_object_after_generic_prefix", "baseline": "checker_loop", "rounds": 1, "valid": true, "goal_satisfied": false, "pass_but_wrong": true, "checker_rounds": 2}
[external] multiskill_push_013 seed=0 pressure=invalid_action_after_prefix baseline=self_refine
{"task_id": "multiskill_push_013", "seed": 0, "pressure_type": "invalid_action_after_prefix", "baseline": "self_refine", "rounds": 1, "valid": false, "goal_satisfied": false, "pass_but_wrong": false}
[external] multiskill_push_013 seed=0 pressure=invalid_action_after_prefix baseline=checker_loop
{"task_id": "multiskill_push_013", "seed": 0, "pressure_type": "invalid_action_after_prefix", "baseline": "checker_loop", "rounds": 1, "valid": true, "goal_satisfied": false, "pass_but_wrong": true, "checker_rounds": 2}
[external] multiskill_push_013 seed=1 pressure=duplicate_skill_after_prefix baseline=self_refine
{"task_id": "multiskill_push_013", "seed": 1, "pressure_type": "duplicate_skill_after_prefix", "baseline": "self_refine", "rounds": 1, "valid": false, "goal_satisfied": false, "pass_but_wrong": false}
[external] multiskill_push_013 seed=1 pressure=duplicate_skill_after_prefix baseline=checker_loop
{"task_id": "multiskill_push_013", "seed": 1, "pressure_type": "duplicate_skill_after_prefix", "baseline": "checker_loop", "rounds": 2, "valid": true, "goal_satisfied": false, "pass_but_wrong": true, "checker_rounds": 2}
[external] multiskill_push_013 seed=1 pressure=unknown_object_after_generic_prefix baseline=self_refine
{"task_id": "multiskill_push_013", "seed": 1, "pressure_type": "unknown_object_after_generic_prefix", "baseline": "self_refine", "rounds": 1, "valid": false, "goal_satisfied": false, "pass_but_wrong": false}
[external] multiskill_push_013 seed=1 pressure=unknown_object_after_generic_prefix baseline=checker_loop
{"task_id": "multiskill_push_013", "seed": 1, "pressure_type": "unknown_object_after_generic_prefix", "baseline": "checker_loop", "rounds": 1, "valid": true, "goal_satisfied": false, "pass_but_wrong": true, "checker_rounds": 2}
[external] multiskill_push_013 seed=1 pressure=invalid_action_after_prefix baseline=self_refine
{"task_id": "multiskill_push_013", "seed": 1, "pressure_type": "invalid_action_after_prefix", "baseline": "self_refine", "rounds": 1, "valid": false, "goal_satisfied": false, "pass_but_wrong": false}
[external] multiskill_push_013 seed=1 pressure=invalid_action_after_prefix baseline=checker_loop
{"task_id": "multiskill_push_013", "seed": 1, "pressure_type": "invalid_action_after_prefix", "baseline": "checker_loop", "rounds": 1, "valid": true, "goal_satisfied": false, "pass_but_wrong": true, "checker_rounds": 2}
[external] multiskill_push_013 seed=2 pressure=duplicate_skill_after_prefix baseline=self_refine
{"task_id": "multiskill_push_013", "seed": 2, "pressure_type": "duplicate_skill_after_prefix", "baseline": "self_refine", "rounds": 1, "valid": false, "goal_satisfied": false, "pass_but_wrong": false}
[external] multiskill_push_013 seed=2 pressure=duplicate_skill_after_prefix baseline=checker_loop
{"task_id": "multiskill_push_013", "seed": 2, "pressure_type": "duplicate_skill_after_prefix", "baseline": "checker_loop", "rounds": 2, "valid": false, "goal_satisfied": false, "pass_but_wrong": false, "checker_rounds": 2}
[external] multiskill_push_013 seed=2 pressure=unknown_object_after_generic_prefix baseline=self_refine
{"task_id": "multiskill_push_013", "seed": 2, "pressure_type": "unknown_object_after_generic_prefix", "baseline": "self_refine", "rounds": 1, "valid": false, "goal_satisfied": false, "pass_but_wrong": false}
[external] multiskill_push_013 seed=2 pressure=unknown_object_after_generic_prefix baseline=checker_loop
{"task_id": "multiskill_push_013", "seed": 2, "pressure_type": "unknown_object_after_generic_prefix", "baseline": "checker_loop", "rounds": 1, "valid": true, "goal_satisfied": false, "pass_but_wrong": true, "checker_rounds": 2}
[external] multiskill_push_013 seed=2 pressure=invalid_action_after_prefix baseline=self_refine
{"task_id": "multiskill_push_013", "seed": 2, "pressure_type": "invalid_action_after_prefix", "baseline": "self_refine", "rounds": 1, "valid": false, "goal_satisfied": false, "pass_but_wrong": false}
[external] multiskill_push_013 seed=2 pressure=invalid_action_after_prefix baseline=checker_loop
{"task_id": "multiskill_push_013", "seed": 2, "pressure_type": "invalid_action_after_prefix", "baseline": "checker_loop", "rounds": 1, "valid": true, "goal_satisfied": false, "pass_but_wrong": true, "checker_rounds": 2}
[external] multiskill_push_014 seed=0 pressure=duplicate_skill_after_prefix baseline=self_refine
{"task_id": "multiskill_push_014", "seed": 0, "pressure_type": "duplicate_skill_after_prefix", "baseline": "self_refine", "rounds": 1, "valid": false, "goal_satisfied": false, "pass_but_wrong": false}
[external] multiskill_push_014 seed=0 pressure=duplicate_skill_after_prefix baseline=checker_loop
{"task_id": "multiskill_push_014", "seed": 0, "pressure_type": "duplicate_skill_after_prefix", "baseline": "checker_loop", "rounds": 2, "valid": true, "goal_satisfied": false, "pass_but_wrong": true, "checker_rounds": 2}
[external] multiskill_push_014 seed=0 pressure=unknown_object_after_generic_prefix baseline=self_refine
{"task_id": "multiskill_push_014", "seed": 0, "pressure_type": "unknown_object_after_generic_prefix", "baseline": "self_refine", "rounds": 1, "valid": false, "goal_satisfied": false, "pass_but_wrong": false}
[external] multiskill_push_014 seed=0 pressure=unknown_object_after_generic_prefix baseline=checker_loop
{"task_id": "multiskill_push_014", "seed": 0, "pressure_type": "unknown_object_after_generic_prefix", "baseline": "checker_loop", "rounds": 1, "valid": true, "goal_satisfied": false, "pass_but_wrong": true, "checker_rounds": 2}
[external] multiskill_push_014 seed=0 pressure=invalid_action_after_prefix baseline=self_refine
{"task_id": "multiskill_push_014", "seed": 0, "pressure_type": "invalid_action_after_prefix", "baseline": "self_refine", "rounds": 1, "valid": false, "goal_satisfied": false, "pass_but_wrong": false}
[external] multiskill_push_014 seed=0 pressure=invalid_action_after_prefix baseline=checker_loop
{"task_id": "multiskill_push_014", "seed": 0, "pressure_type": "invalid_action_after_prefix", "baseline": "checker_loop", "rounds": 1, "valid": true, "goal_satisfied": true, "pass_but_wrong": false, "checker_rounds": 2}
[external] multiskill_push_014 seed=1 pressure=duplicate_skill_after_prefix baseline=self_refine
{"task_id": "multiskill_push_014", "seed": 1, "pressure_type": "duplicate_skill_after_prefix", "baseline": "self_refine", "rounds": 1, "valid": false, "goal_satisfied": false, "pass_but_wrong": false}
[external] multiskill_push_014 seed=1 pressure=duplicate_skill_after_prefix baseline=checker_loop
{"task_id": "multiskill_push_014", "seed": 1, "pressure_type": "duplicate_skill_after_prefix", "baseline": "checker_loop", "rounds": 2, "valid": true, "goal_satisfied": false, "pass_but_wrong": true, "checker_rounds": 2}
[external] multiskill_push_014 seed=1 pressure=unknown_object_after_generic_prefix baseline=self_refine
{"task_id": "multiskill_push_014", "seed": 1, "pressure_type": "unknown_object_after_generic_prefix", "baseline": "self_refine", "rounds": 1, "valid": false, "goal_satisfied": false, "pass_but_wrong": false}
[external] multiskill_push_014 seed=1 pressure=unknown_object_after_generic_prefix baseline=checker_loop
{"task_id": "multiskill_push_014", "seed": 1, "pressure_type": "unknown_object_after_generic_prefix", "baseline": "checker_loop", "rounds": 1, "valid": true, "goal_satisfied": false, "pass_but_wrong": true, "checker_rounds": 2}
[external] multiskill_push_014 seed=1 pressure=invalid_action_after_prefix baseline=self_refine
{"task_id": "multiskill_push_014", "seed": 1, "pressure_type": "invalid_action_after_prefix", "baseline": "self_refine", "rounds": 1, "valid": false, "goal_satisfied": false, "pass_but_wrong": false}
[external] multiskill_push_014 seed=1 pressure=invalid_action_after_prefix baseline=checker_loop
{"task_id": "multiskill_push_014", "seed": 1, "pressure_type": "invalid_action_after_prefix", "baseline": "checker_loop", "rounds": 1, "valid": true, "goal_satisfied": true, "pass_but_wrong": false, "checker_rounds": 2}
[external] multiskill_push_014 seed=2 pressure=duplicate_skill_after_prefix baseline=self_refine
{"task_id": "multiskill_push_014", "seed": 2, "pressure_type": "duplicate_skill_after_prefix", "baseline": "self_refine", "rounds": 1, "valid": false, "goal_satisfied": false, "pass_but_wrong": false}
[external] multiskill_push_014 seed=2 pressure=duplicate_skill_after_prefix baseline=checker_loop
{"task_id": "multiskill_push_014", "seed": 2, "pressure_type": "duplicate_skill_after_prefix", "baseline": "checker_loop", "rounds": 2, "valid": true, "goal_satisfied": false, "pass_but_wrong": true, "checker_rounds": 2}
[external] multiskill_push_014 seed=2 pressure=unknown_object_after_generic_prefix baseline=self_refine
{"task_id": "multiskill_push_014", "seed": 2, "pressure_type": "unknown_object_after_generic_prefix", "baseline": "self_refine", "rounds": 1, "valid": false, "goal_satisfied": false, "pass_but_wrong": false}
[external] multiskill_push_014 seed=2 pressure=unknown_object_after_generic_prefix baseline=checker_loop
{"task_id": "multiskill_push_014", "seed": 2, "pressure_type": "unknown_object_after_generic_prefix", "baseline": "checker_loop", "rounds": 1, "valid": true, "goal_satisfied": false, "pass_but_wrong": true, "checker_rounds": 2}
[external] multiskill_push_014 seed=2 pressure=invalid_action_after_prefix baseline=self_refine
{"task_id": "multiskill_push_014", "seed": 2, "pressure_type": "invalid_action_after_prefix", "baseline": "self_refine", "rounds": 1, "valid": false, "goal_satisfied": false, "pass_but_wrong": false}
[external] multiskill_push_014 seed=2 pressure=invalid_action_after_prefix baseline=checker_loop
{"task_id": "multiskill_push_014", "seed": 2, "pressure_type": "invalid_action_after_prefix", "baseline": "checker_loop", "rounds": 1, "valid": true, "goal_satisfied": true, "pass_but_wrong": false, "checker_rounds": 2}
[external] multiskill_push_015 seed=0 pressure=duplicate_skill_after_prefix baseline=self_refine
{"task_id": "multiskill_push_015", "seed": 0, "pressure_type": "duplicate_skill_after_prefix", "baseline": "self_refine", "rounds": 1, "valid": false, "goal_satisfied": false, "pass_but_wrong": false}
[external] multiskill_push_015 seed=0 pressure=duplicate_skill_after_prefix baseline=checker_loop
{"task_id": "multiskill_push_015", "seed": 0, "pressure_type": "duplicate_skill_after_prefix", "baseline": "checker_loop", "rounds": 2, "valid": true, "goal_satisfied": false, "pass_but_wrong": true, "checker_rounds": 2}
[external] multiskill_push_015 seed=0 pressure=unknown_object_after_generic_prefix baseline=self_refine
{"task_id": "multiskill_push_015", "seed": 0, "pressure_type": "unknown_object_after_generic_prefix", "baseline": "self_refine", "rounds": 1, "valid": false, "goal_satisfied": false, "pass_but_wrong": false}
[external] multiskill_push_015 seed=0 pressure=unknown_object_after_generic_prefix baseline=checker_loop
{"task_id": "multiskill_push_015", "seed": 0, "pressure_type": "unknown_object_after_generic_prefix", "baseline": "checker_loop", "rounds": 1, "valid": true, "goal_satisfied": false, "pass_but_wrong": true, "checker_rounds": 2}
[external] multiskill_push_015 seed=0 pressure=invalid_action_after_prefix baseline=self_refine
{"task_id": "multiskill_push_015", "seed": 0, "pressure_type": "invalid_action_after_prefix", "baseline": "self_refine", "rounds": 1, "valid": false, "goal_satisfied": false, "pass_but_wrong": false}
[external] multiskill_push_015 seed=0 pressure=invalid_action_after_prefix baseline=checker_loop
{"task_id": "multiskill_push_015", "seed": 0, "pressure_type": "invalid_action_after_prefix", "baseline": "checker_loop", "rounds": 1, "valid": true, "goal_satisfied": false, "pass_but_wrong": true, "checker_rounds": 2}
[external] multiskill_push_015 seed=1 pressure=duplicate_skill_after_prefix baseline=self_refine
{"task_id": "multiskill_push_015", "seed": 1, "pressure_type": "duplicate_skill_after_prefix", "baseline": "self_refine", "rounds": 1, "valid": false, "goal_satisfied": false, "pass_but_wrong": false}
[external] multiskill_push_015 seed=1 pressure=duplicate_skill_after_prefix baseline=checker_loop
{"task_id": "multiskill_push_015", "seed": 1, "pressure_type": "duplicate_skill_after_prefix", "baseline": "checker_loop", "rounds": 2, "valid": true, "goal_satisfied": false, "pass_but_wrong": true, "checker_rounds": 2}
[external] multiskill_push_015 seed=1 pressure=unknown_object_after_generic_prefix baseline=self_refine
{"task_id": "multiskill_push_015", "seed": 1, "pressure_type": "unknown_object_after_generic_prefix", "baseline": "self_refine", "rounds": 1, "valid": false, "goal_satisfied": false, "pass_but_wrong": false}
[external] multiskill_push_015 seed=1 pressure=unknown_object_after_generic_prefix baseline=checker_loop
{"task_id": "multiskill_push_015", "seed": 1, "pressure_type": "unknown_object_after_generic_prefix", "baseline": "checker_loop", "rounds": 1, "valid": true, "goal_satisfied": false, "pass_but_wrong": true, "checker_rounds": 2}
[external] multiskill_push_015 seed=1 pressure=invalid_action_after_prefix baseline=self_refine
{"task_id": "multiskill_push_015", "seed": 1, "pressure_type": "invalid_action_after_prefix", "baseline": "self_refine", "rounds": 1, "valid": false, "goal_satisfied": false, "pass_but_wrong": false}
[external] multiskill_push_015 seed=1 pressure=invalid_action_after_prefix baseline=checker_loop
{"task_id": "multiskill_push_015", "seed": 1, "pressure_type": "invalid_action_after_prefix", "baseline": "checker_loop", "rounds": 1, "valid": true, "goal_satisfied": false, "pass_but_wrong": true, "checker_rounds": 2}
[external] multiskill_push_015 seed=2 pressure=duplicate_skill_after_prefix baseline=self_refine
{"task_id": "multiskill_push_015", "seed": 2, "pressure_type": "duplicate_skill_after_prefix", "baseline": "self_refine", "rounds": 1, "valid": false, "goal_satisfied": false, "pass_but_wrong": false}
[external] multiskill_push_015 seed=2 pressure=duplicate_skill_after_prefix baseline=checker_loop
{"task_id": "multiskill_push_015", "seed": 2, "pressure_type": "duplicate_skill_after_prefix", "baseline": "checker_loop", "rounds": 2, "valid": true, "goal_satisfied": false, "pass_but_wrong": true, "checker_rounds": 2}
[external] multiskill_push_015 seed=2 pressure=unknown_object_after_generic_prefix baseline=self_refine
{"task_id": "multiskill_push_015", "seed": 2, "pressure_type": "unknown_object_after_generic_prefix", "baseline": "self_refine", "rounds": 1, "valid": false, "goal_satisfied": false, "pass_but_wrong": false}
[external] multiskill_push_015 seed=2 pressure=unknown_object_after_generic_prefix baseline=checker_loop
{"task_id": "multiskill_push_015", "seed": 2, "pressure_type": "unknown_object_after_generic_prefix", "baseline": "checker_loop", "rounds": 1, "valid": true, "goal_satisfied": false, "pass_but_wrong": true, "checker_rounds": 2}
[external] multiskill_push_015 seed=2 pressure=invalid_action_after_prefix baseline=self_refine
{"task_id": "multiskill_push_015", "seed": 2, "pressure_type": "invalid_action_after_prefix", "baseline": "self_refine", "rounds": 1, "valid": false, "goal_satisfied": false, "pass_but_wrong": false}
[external] multiskill_push_015 seed=2 pressure=invalid_action_after_prefix baseline=checker_loop
{"task_id": "multiskill_push_015", "seed": 2, "pressure_type": "invalid_action_after_prefix", "baseline": "checker_loop", "rounds": 1, "valid": true, "goal_satisfied": false, "pass_but_wrong": true, "checker_rounds": 2}
[external] multiskill_push_016 seed=0 pressure=duplicate_skill_after_prefix baseline=self_refine
{"task_id": "multiskill_push_016", "seed": 0, "pressure_type": "duplicate_skill_after_prefix", "baseline": "self_refine", "rounds": 1, "valid": false, "goal_satisfied": false, "pass_but_wrong": false}
[external] multiskill_push_016 seed=0 pressure=duplicate_skill_after_prefix baseline=checker_loop
{"task_id": "multiskill_push_016", "seed": 0, "pressure_type": "duplicate_skill_after_prefix", "baseline": "checker_loop", "rounds": 2, "valid": true, "goal_satisfied": false, "pass_but_wrong": true, "checker_rounds": 2}
[external] multiskill_push_016 seed=0 pressure=unknown_object_after_generic_prefix baseline=self_refine
{"task_id": "multiskill_push_016", "seed": 0, "pressure_type": "unknown_object_after_generic_prefix", "baseline": "self_refine", "rounds": 1, "valid": false, "goal_satisfied": false, "pass_but_wrong": false}
[external] multiskill_push_016 seed=0 pressure=unknown_object_after_generic_prefix baseline=checker_loop
{"task_id": "multiskill_push_016", "seed": 0, "pressure_type": "unknown_object_after_generic_prefix", "baseline": "checker_loop", "rounds": 1, "valid": true, "goal_satisfied": false, "pass_but_wrong": true, "checker_rounds": 2}
[external] multiskill_push_016 seed=0 pressure=invalid_action_after_prefix baseline=self_refine
{"task_id": "multiskill_push_016", "seed": 0, "pressure_type": "invalid_action_after_prefix", "baseline": "self_refine", "rounds": 1, "valid": false, "goal_satisfied": false, "pass_but_wrong": false}
[external] multiskill_push_016 seed=0 pressure=invalid_action_after_prefix baseline=checker_loop
{"task_id": "multiskill_push_016", "seed": 0, "pressure_type": "invalid_action_after_prefix", "baseline": "checker_loop", "rounds": 1, "valid": true, "goal_satisfied": false, "pass_but_wrong": true, "checker_rounds": 2}
[external] multiskill_push_016 seed=1 pressure=duplicate_skill_after_prefix baseline=self_refine
{"task_id": "multiskill_push_016", "seed": 1, "pressure_type": "duplicate_skill_after_prefix", "baseline": "self_refine", "rounds": 1, "valid": false, "goal_satisfied": false, "pass_but_wrong": false}
[external] multiskill_push_016 seed=1 pressure=duplicate_skill_after_prefix baseline=checker_loop
{"task_id": "multiskill_push_016", "seed": 1, "pressure_type": "duplicate_skill_after_prefix", "baseline": "checker_loop", "rounds": 2, "valid": true, "goal_satisfied": false, "pass_but_wrong": true, "checker_rounds": 2}
[external] multiskill_push_016 seed=1 pressure=unknown_object_after_generic_prefix baseline=self_refine
{"task_id": "multiskill_push_016", "seed": 1, "pressure_type": "unknown_object_after_generic_prefix", "baseline": "self_refine", "rounds": 1, "valid": false, "goal_satisfied": false, "pass_but_wrong": false}
[external] multiskill_push_016 seed=1 pressure=unknown_object_after_generic_prefix baseline=checker_loop
{"task_id": "multiskill_push_016", "seed": 1, "pressure_type": "unknown_object_after_generic_prefix", "baseline": "checker_loop", "rounds": 1, "valid": true, "goal_satisfied": false, "pass_but_wrong": true, "checker_rounds": 2}
[external] multiskill_push_016 seed=1 pressure=invalid_action_after_prefix baseline=self_refine
{"task_id": "multiskill_push_016", "seed": 1, "pressure_type": "invalid_action_after_prefix", "baseline": "self_refine", "rounds": 1, "valid": false, "goal_satisfied": false, "pass_but_wrong": false}
[external] multiskill_push_016 seed=1 pressure=invalid_action_after_prefix baseline=checker_loop
{"task_id": "multiskill_push_016", "seed": 1, "pressure_type": "invalid_action_after_prefix", "baseline": "checker_loop", "rounds": 1, "valid": true, "goal_satisfied": false, "pass_but_wrong": true, "checker_rounds": 2}
[external] multiskill_push_016 seed=2 pressure=duplicate_skill_after_prefix baseline=self_refine
{"task_id": "multiskill_push_016", "seed": 2, "pressure_type": "duplicate_skill_after_prefix", "baseline": "self_refine", "rounds": 1, "valid": false, "goal_satisfied": false, "pass_but_wrong": false}
[external] multiskill_push_016 seed=2 pressure=duplicate_skill_after_prefix baseline=checker_loop
{"task_id": "multiskill_push_016", "seed": 2, "pressure_type": "duplicate_skill_after_prefix", "baseline": "checker_loop", "rounds": 2, "valid": true, "goal_satisfied": false, "pass_but_wrong": true, "checker_rounds": 2}
[external] multiskill_push_016 seed=2 pressure=unknown_object_after_generic_prefix baseline=self_refine
{"task_id": "multiskill_push_016", "seed": 2, "pressure_type": "unknown_object_after_generic_prefix", "baseline": "self_refine", "rounds": 1, "valid": false, "goal_satisfied": false, "pass_but_wrong": false}
[external] multiskill_push_016 seed=2 pressure=unknown_object_after_generic_prefix baseline=checker_loop
{"task_id": "multiskill_push_016", "seed": 2, "pressure_type": "unknown_object_after_generic_prefix", "baseline": "checker_loop", "rounds": 1, "valid": true, "goal_satisfied": false, "pass_but_wrong": true, "checker_rounds": 2}
[external] multiskill_push_016 seed=2 pressure=invalid_action_after_prefix baseline=self_refine
{"task_id": "multiskill_push_016", "seed": 2, "pressure_type": "invalid_action_after_prefix", "baseline": "self_refine", "rounds": 1, "valid": false, "goal_satisfied": false, "pass_but_wrong": false}
[external] multiskill_push_016 seed=2 pressure=invalid_action_after_prefix baseline=checker_loop
{"task_id": "multiskill_push_016", "seed": 2, "pressure_type": "invalid_action_after_prefix", "baseline": "checker_loop", "rounds": 1, "valid": true, "goal_satisfied": false, "pass_but_wrong": true, "checker_rounds": 2}
[external] multiskill_push_017 seed=0 pressure=duplicate_skill_after_prefix baseline=self_refine
{"task_id": "multiskill_push_017", "seed": 0, "pressure_type": "duplicate_skill_after_prefix", "baseline": "self_refine", "rounds": 1, "valid": false, "goal_satisfied": false, "pass_but_wrong": false}
[external] multiskill_push_017 seed=0 pressure=duplicate_skill_after_prefix baseline=checker_loop
{"task_id": "multiskill_push_017", "seed": 0, "pressure_type": "duplicate_skill_after_prefix", "baseline": "checker_loop", "rounds": 2, "valid": true, "goal_satisfied": false, "pass_but_wrong": true, "checker_rounds": 2}
[external] multiskill_push_017 seed=0 pressure=unknown_object_after_generic_prefix baseline=self_refine
{"task_id": "multiskill_push_017", "seed": 0, "pressure_type": "unknown_object_after_generic_prefix", "baseline": "self_refine", "rounds": 1, "valid": false, "goal_satisfied": false, "pass_but_wrong": false}
[external] multiskill_push_017 seed=0 pressure=unknown_object_after_generic_prefix baseline=checker_loop
{"task_id": "multiskill_push_017", "seed": 0, "pressure_type": "unknown_object_after_generic_prefix", "baseline": "checker_loop", "rounds": 1, "valid": true, "goal_satisfied": false, "pass_but_wrong": true, "checker_rounds": 2}
[external] multiskill_push_017 seed=0 pressure=invalid_action_after_prefix baseline=self_refine
{"task_id": "multiskill_push_017", "seed": 0, "pressure_type": "invalid_action_after_prefix", "baseline": "self_refine", "rounds": 1, "valid": false, "goal_satisfied": false, "pass_but_wrong": false}
[external] multiskill_push_017 seed=0 pressure=invalid_action_after_prefix baseline=checker_loop
{"task_id": "multiskill_push_017", "seed": 0, "pressure_type": "invalid_action_after_prefix", "baseline": "checker_loop", "rounds": 1, "valid": true, "goal_satisfied": true, "pass_but_wrong": false, "checker_rounds": 2}
[external] multiskill_push_017 seed=1 pressure=duplicate_skill_after_prefix baseline=self_refine
{"task_id": "multiskill_push_017", "seed": 1, "pressure_type": "duplicate_skill_after_prefix", "baseline": "self_refine", "rounds": 1, "valid": false, "goal_satisfied": false, "pass_but_wrong": false}
[external] multiskill_push_017 seed=1 pressure=duplicate_skill_after_prefix baseline=checker_loop
{"task_id": "multiskill_push_017", "seed": 1, "pressure_type": "duplicate_skill_after_prefix", "baseline": "checker_loop", "rounds": 2, "valid": true, "goal_satisfied": false, "pass_but_wrong": true, "checker_rounds": 2}
[external] multiskill_push_017 seed=1 pressure=unknown_object_after_generic_prefix baseline=self_refine
{"task_id": "multiskill_push_017", "seed": 1, "pressure_type": "unknown_object_after_generic_prefix", "baseline": "self_refine", "rounds": 1, "valid": false, "goal_satisfied": false, "pass_but_wrong": false}
[external] multiskill_push_017 seed=1 pressure=unknown_object_after_generic_prefix baseline=checker_loop
{"task_id": "multiskill_push_017", "seed": 1, "pressure_type": "unknown_object_after_generic_prefix", "baseline": "checker_loop", "rounds": 1, "valid": true, "goal_satisfied": false, "pass_but_wrong": true, "checker_rounds": 2}
[external] multiskill_push_017 seed=1 pressure=invalid_action_after_prefix baseline=self_refine
{"task_id": "multiskill_push_017", "seed": 1, "pressure_type": "invalid_action_after_prefix", "baseline": "self_refine", "rounds": 1, "valid": false, "goal_satisfied": false, "pass_but_wrong": false}
[external] multiskill_push_017 seed=1 pressure=invalid_action_after_prefix baseline=checker_loop
{"task_id": "multiskill_push_017", "seed": 1, "pressure_type": "invalid_action_after_prefix", "baseline": "checker_loop", "rounds": 1, "valid": true, "goal_satisfied": true, "pass_but_wrong": false, "checker_rounds": 2}
[external] multiskill_push_017 seed=2 pressure=duplicate_skill_after_prefix baseline=self_refine
{"task_id": "multiskill_push_017", "seed": 2, "pressure_type": "duplicate_skill_after_prefix", "baseline": "self_refine", "rounds": 1, "valid": false, "goal_satisfied": false, "pass_but_wrong": false}
[external] multiskill_push_017 seed=2 pressure=duplicate_skill_after_prefix baseline=checker_loop
{"task_id": "multiskill_push_017", "seed": 2, "pressure_type": "duplicate_skill_after_prefix", "baseline": "checker_loop", "rounds": 2, "valid": true, "goal_satisfied": false, "pass_but_wrong": true, "checker_rounds": 2}
[external] multiskill_push_017 seed=2 pressure=unknown_object_after_generic_prefix baseline=self_refine
{"task_id": "multiskill_push_017", "seed": 2, "pressure_type": "unknown_object_after_generic_prefix", "baseline": "self_refine", "rounds": 1, "valid": false, "goal_satisfied": false, "pass_but_wrong": false}
[external] multiskill_push_017 seed=2 pressure=unknown_object_after_generic_prefix baseline=checker_loop
{"task_id": "multiskill_push_017", "seed": 2, "pressure_type": "unknown_object_after_generic_prefix", "baseline": "checker_loop", "rounds": 1, "valid": true, "goal_satisfied": false, "pass_but_wrong": true, "checker_rounds": 2}
[external] multiskill_push_017 seed=2 pressure=invalid_action_after_prefix baseline=self_refine
{"task_id": "multiskill_push_017", "seed": 2, "pressure_type": "invalid_action_after_prefix", "baseline": "self_refine", "rounds": 1, "valid": false, "goal_satisfied": false, "pass_but_wrong": false}
[external] multiskill_push_017 seed=2 pressure=invalid_action_after_prefix baseline=checker_loop
{"task_id": "multiskill_push_017", "seed": 2, "pressure_type": "invalid_action_after_prefix", "baseline": "checker_loop", "rounds": 1, "valid": true, "goal_satisfied": true, "pass_but_wrong": false, "checker_rounds": 2}
[external] multiskill_push_018 seed=0 pressure=duplicate_skill_after_prefix baseline=self_refine
{"task_id": "multiskill_push_018", "seed": 0, "pressure_type": "duplicate_skill_after_prefix", "baseline": "self_refine", "rounds": 1, "valid": false, "goal_satisfied": false, "pass_but_wrong": false}
[external] multiskill_push_018 seed=0 pressure=duplicate_skill_after_prefix baseline=checker_loop
{"task_id": "multiskill_push_018", "seed": 0, "pressure_type": "duplicate_skill_after_prefix", "baseline": "checker_loop", "rounds": 2, "valid": true, "goal_satisfied": false, "pass_but_wrong": true, "checker_rounds": 2}
[external] multiskill_push_018 seed=0 pressure=unknown_object_after_generic_prefix baseline=self_refine
{"task_id": "multiskill_push_018", "seed": 0, "pressure_type": "unknown_object_after_generic_prefix", "baseline": "self_refine", "rounds": 1, "valid": false, "goal_satisfied": false, "pass_but_wrong": false}
[external] multiskill_push_018 seed=0 pressure=unknown_object_after_generic_prefix baseline=checker_loop
{"task_id": "multiskill_push_018", "seed": 0, "pressure_type": "unknown_object_after_generic_prefix", "baseline": "checker_loop", "rounds": 1, "valid": true, "goal_satisfied": false, "pass_but_wrong": true, "checker_rounds": 2}
[external] multiskill_push_018 seed=0 pressure=invalid_action_after_prefix baseline=self_refine
{"task_id": "multiskill_push_018", "seed": 0, "pressure_type": "invalid_action_after_prefix", "baseline": "self_refine", "rounds": 1, "valid": false, "goal_satisfied": false, "pass_but_wrong": false}
[external] multiskill_push_018 seed=0 pressure=invalid_action_after_prefix baseline=checker_loop
{"task_id": "multiskill_push_018", "seed": 0, "pressure_type": "invalid_action_after_prefix", "baseline": "checker_loop", "rounds": 1, "valid": true, "goal_satisfied": false, "pass_but_wrong": true, "checker_rounds": 2}
[external] multiskill_push_018 seed=1 pressure=duplicate_skill_after_prefix baseline=self_refine
{"task_id": "multiskill_push_018", "seed": 1, "pressure_type": "duplicate_skill_after_prefix", "baseline": "self_refine", "rounds": 1, "valid": false, "goal_satisfied": false, "pass_but_wrong": false}
[external] multiskill_push_018 seed=1 pressure=duplicate_skill_after_prefix baseline=checker_loop
{"task_id": "multiskill_push_018", "seed": 1, "pressure_type": "duplicate_skill_after_prefix", "baseline": "checker_loop", "rounds": 2, "valid": true, "goal_satisfied": false, "pass_but_wrong": true, "checker_rounds": 2}
[external] multiskill_push_018 seed=1 pressure=unknown_object_after_generic_prefix baseline=self_refine
{"task_id": "multiskill_push_018", "seed": 1, "pressure_type": "unknown_object_after_generic_prefix", "baseline": "self_refine", "rounds": 1, "valid": false, "goal_satisfied": false, "pass_but_wrong": false}
[external] multiskill_push_018 seed=1 pressure=unknown_object_after_generic_prefix baseline=checker_loop
{"task_id": "multiskill_push_018", "seed": 1, "pressure_type": "unknown_object_after_generic_prefix", "baseline": "checker_loop", "rounds": 1, "valid": true, "goal_satisfied": false, "pass_but_wrong": true, "checker_rounds": 2}
[external] multiskill_push_018 seed=1 pressure=invalid_action_after_prefix baseline=self_refine
{"task_id": "multiskill_push_018", "seed": 1, "pressure_type": "invalid_action_after_prefix", "baseline": "self_refine", "rounds": 1, "valid": false, "goal_satisfied": false, "pass_but_wrong": false}
[external] multiskill_push_018 seed=1 pressure=invalid_action_after_prefix baseline=checker_loop
{"task_id": "multiskill_push_018", "seed": 1, "pressure_type": "invalid_action_after_prefix", "baseline": "checker_loop", "rounds": 1, "valid": true, "goal_satisfied": false, "pass_but_wrong": true, "checker_rounds": 2}
[external] multiskill_push_018 seed=2 pressure=duplicate_skill_after_prefix baseline=self_refine
{"task_id": "multiskill_push_018", "seed": 2, "pressure_type": "duplicate_skill_after_prefix", "baseline": "self_refine", "rounds": 1, "valid": false, "goal_satisfied": false, "pass_but_wrong": false}
[external] multiskill_push_018 seed=2 pressure=duplicate_skill_after_prefix baseline=checker_loop
{"task_id": "multiskill_push_018", "seed": 2, "pressure_type": "duplicate_skill_after_prefix", "baseline": "checker_loop", "rounds": 2, "valid": true, "goal_satisfied": false, "pass_but_wrong": true, "checker_rounds": 2}
[external] multiskill_push_018 seed=2 pressure=unknown_object_after_generic_prefix baseline=self_refine
{"task_id": "multiskill_push_018", "seed": 2, "pressure_type": "unknown_object_after_generic_prefix", "baseline": "self_refine", "rounds": 1, "valid": false, "goal_satisfied": false, "pass_but_wrong": false}
[external] multiskill_push_018 seed=2 pressure=unknown_object_after_generic_prefix baseline=checker_loop
{"task_id": "multiskill_push_018", "seed": 2, "pressure_type": "unknown_object_after_generic_prefix", "baseline": "checker_loop", "rounds": 1, "valid": true, "goal_satisfied": false, "pass_but_wrong": true, "checker_rounds": 2}
[external] multiskill_push_018 seed=2 pressure=invalid_action_after_prefix baseline=self_refine
{"task_id": "multiskill_push_018", "seed": 2, "pressure_type": "invalid_action_after_prefix", "baseline": "self_refine", "rounds": 1, "valid": false, "goal_satisfied": false, "pass_but_wrong": false}
[external] multiskill_push_018 seed=2 pressure=invalid_action_after_prefix baseline=checker_loop
{"task_id": "multiskill_push_018", "seed": 2, "pressure_type": "invalid_action_after_prefix", "baseline": "checker_loop", "rounds": 1, "valid": true, "goal_satisfied": false, "pass_but_wrong": true, "checker_rounds": 2}
[external] multiskill_push_019 seed=0 pressure=duplicate_skill_after_prefix baseline=self_refine
{"task_id": "multiskill_push_019", "seed": 0, "pressure_type": "duplicate_skill_after_prefix", "baseline": "self_refine", "rounds": 1, "valid": false, "goal_satisfied": false, "pass_but_wrong": false}
[external] multiskill_push_019 seed=0 pressure=duplicate_skill_after_prefix baseline=checker_loop
{"task_id": "multiskill_push_019", "seed": 0, "pressure_type": "duplicate_skill_after_prefix", "baseline": "checker_loop", "rounds": 2, "valid": true, "goal_satisfied": false, "pass_but_wrong": true, "checker_rounds": 2}
[external] multiskill_push_019 seed=0 pressure=unknown_object_after_generic_prefix baseline=self_refine
{"task_id": "multiskill_push_019", "seed": 0, "pressure_type": "unknown_object_after_generic_prefix", "baseline": "self_refine", "rounds": 1, "valid": false, "goal_satisfied": false, "pass_but_wrong": false}
[external] multiskill_push_019 seed=0 pressure=unknown_object_after_generic_prefix baseline=checker_loop
{"task_id": "multiskill_push_019", "seed": 0, "pressure_type": "unknown_object_after_generic_prefix", "baseline": "checker_loop", "rounds": 1, "valid": true, "goal_satisfied": false, "pass_but_wrong": true, "checker_rounds": 2}
[external] multiskill_push_019 seed=0 pressure=invalid_action_after_prefix baseline=self_refine
{"task_id": "multiskill_push_019", "seed": 0, "pressure_type": "invalid_action_after_prefix", "baseline": "self_refine", "rounds": 1, "valid": false, "goal_satisfied": false, "pass_but_wrong": false}
[external] multiskill_push_019 seed=0 pressure=invalid_action_after_prefix baseline=checker_loop
{"task_id": "multiskill_push_019", "seed": 0, "pressure_type": "invalid_action_after_prefix", "baseline": "checker_loop", "rounds": 1, "valid": true, "goal_satisfied": true, "pass_but_wrong": false, "checker_rounds": 2}
[external] multiskill_push_019 seed=1 pressure=duplicate_skill_after_prefix baseline=self_refine
{"task_id": "multiskill_push_019", "seed": 1, "pressure_type": "duplicate_skill_after_prefix", "baseline": "self_refine", "rounds": 1, "valid": false, "goal_satisfied": false, "pass_but_wrong": false}
[external] multiskill_push_019 seed=1 pressure=duplicate_skill_after_prefix baseline=checker_loop
{"task_id": "multiskill_push_019", "seed": 1, "pressure_type": "duplicate_skill_after_prefix", "baseline": "checker_loop", "rounds": 2, "valid": true, "goal_satisfied": false, "pass_but_wrong": true, "checker_rounds": 2}
[external] multiskill_push_019 seed=1 pressure=unknown_object_after_generic_prefix baseline=self_refine
{"task_id": "multiskill_push_019", "seed": 1, "pressure_type": "unknown_object_after_generic_prefix", "baseline": "self_refine", "rounds": 1, "valid": false, "goal_satisfied": false, "pass_but_wrong": false}
[external] multiskill_push_019 seed=1 pressure=unknown_object_after_generic_prefix baseline=checker_loop
{"task_id": "multiskill_push_019", "seed": 1, "pressure_type": "unknown_object_after_generic_prefix", "baseline": "checker_loop", "rounds": 1, "valid": true, "goal_satisfied": false, "pass_but_wrong": true, "checker_rounds": 2}
[external] multiskill_push_019 seed=1 pressure=invalid_action_after_prefix baseline=self_refine
{"task_id": "multiskill_push_019", "seed": 1, "pressure_type": "invalid_action_after_prefix", "baseline": "self_refine", "rounds": 1, "valid": false, "goal_satisfied": false, "pass_but_wrong": false}
[external] multiskill_push_019 seed=1 pressure=invalid_action_after_prefix baseline=checker_loop
{"task_id": "multiskill_push_019", "seed": 1, "pressure_type": "invalid_action_after_prefix", "baseline": "checker_loop", "rounds": 1, "valid": true, "goal_satisfied": true, "pass_but_wrong": false, "checker_rounds": 2}
[external] multiskill_push_019 seed=2 pressure=duplicate_skill_after_prefix baseline=self_refine
{"task_id": "multiskill_push_019", "seed": 2, "pressure_type": "duplicate_skill_after_prefix", "baseline": "self_refine", "rounds": 1, "valid": false, "goal_satisfied": false, "pass_but_wrong": false}
[external] multiskill_push_019 seed=2 pressure=duplicate_skill_after_prefix baseline=checker_loop
{"task_id": "multiskill_push_019", "seed": 2, "pressure_type": "duplicate_skill_after_prefix", "baseline": "checker_loop", "rounds": 2, "valid": true, "goal_satisfied": false, "pass_but_wrong": true, "checker_rounds": 2}
[external] multiskill_push_019 seed=2 pressure=unknown_object_after_generic_prefix baseline=self_refine
{"task_id": "multiskill_push_019", "seed": 2, "pressure_type": "unknown_object_after_generic_prefix", "baseline": "self_refine", "rounds": 1, "valid": false, "goal_satisfied": false, "pass_but_wrong": false}
[external] multiskill_push_019 seed=2 pressure=unknown_object_after_generic_prefix baseline=checker_loop
{"task_id": "multiskill_push_019", "seed": 2, "pressure_type": "unknown_object_after_generic_prefix", "baseline": "checker_loop", "rounds": 1, "valid": true, "goal_satisfied": false, "pass_but_wrong": true, "checker_rounds": 2}
[external] multiskill_push_019 seed=2 pressure=invalid_action_after_prefix baseline=self_refine
{"task_id": "multiskill_push_019", "seed": 2, "pressure_type": "invalid_action_after_prefix", "baseline": "self_refine", "rounds": 1, "valid": false, "goal_satisfied": false, "pass_but_wrong": false}
[external] multiskill_push_019 seed=2 pressure=invalid_action_after_prefix baseline=checker_loop
{"task_id": "multiskill_push_019", "seed": 2, "pressure_type": "invalid_action_after_prefix", "baseline": "checker_loop", "rounds": 1, "valid": true, "goal_satisfied": false, "pass_but_wrong": true, "checker_rounds": 2}
[external] multiskill_push_020 seed=0 pressure=duplicate_skill_after_prefix baseline=self_refine
{"task_id": "multiskill_push_020", "seed": 0, "pressure_type": "duplicate_skill_after_prefix", "baseline": "self_refine", "rounds": 1, "valid": false, "goal_satisfied": false, "pass_but_wrong": false}
[external] multiskill_push_020 seed=0 pressure=duplicate_skill_after_prefix baseline=checker_loop
{"task_id": "multiskill_push_020", "seed": 0, "pressure_type": "duplicate_skill_after_prefix", "baseline": "checker_loop", "rounds": 2, "valid": true, "goal_satisfied": false, "pass_but_wrong": true, "checker_rounds": 2}
[external] multiskill_push_020 seed=0 pressure=unknown_object_after_generic_prefix baseline=self_refine
{"task_id": "multiskill_push_020", "seed": 0, "pressure_type": "unknown_object_after_generic_prefix", "baseline": "self_refine", "rounds": 1, "valid": false, "goal_satisfied": false, "pass_but_wrong": false}
[external] multiskill_push_020 seed=0 pressure=unknown_object_after_generic_prefix baseline=checker_loop
{"task_id": "multiskill_push_020", "seed": 0, "pressure_type": "unknown_object_after_generic_prefix", "baseline": "checker_loop", "rounds": 1, "valid": true, "goal_satisfied": false, "pass_but_wrong": true, "checker_rounds": 2}
[external] multiskill_push_020 seed=0 pressure=invalid_action_after_prefix baseline=self_refine
{"task_id": "multiskill_push_020", "seed": 0, "pressure_type": "invalid_action_after_prefix", "baseline": "self_refine", "rounds": 1, "valid": false, "goal_satisfied": false, "pass_but_wrong": false}
[external] multiskill_push_020 seed=0 pressure=invalid_action_after_prefix baseline=checker_loop
{"task_id": "multiskill_push_020", "seed": 0, "pressure_type": "invalid_action_after_prefix", "baseline": "checker_loop", "rounds": 1, "valid": true, "goal_satisfied": false, "pass_but_wrong": true, "checker_rounds": 2}
[external] multiskill_push_020 seed=1 pressure=duplicate_skill_after_prefix baseline=self_refine
{"task_id": "multiskill_push_020", "seed": 1, "pressure_type": "duplicate_skill_after_prefix", "baseline": "self_refine", "rounds": 1, "valid": false, "goal_satisfied": false, "pass_but_wrong": false}
[external] multiskill_push_020 seed=1 pressure=duplicate_skill_after_prefix baseline=checker_loop
{"task_id": "multiskill_push_020", "seed": 1, "pressure_type": "duplicate_skill_after_prefix", "baseline": "checker_loop", "rounds": 2, "valid": true, "goal_satisfied": false, "pass_but_wrong": true, "checker_rounds": 2}
[external] multiskill_push_020 seed=1 pressure=unknown_object_after_generic_prefix baseline=self_refine
{"task_id": "multiskill_push_020", "seed": 1, "pressure_type": "unknown_object_after_generic_prefix", "baseline": "self_refine", "rounds": 1, "valid": false, "goal_satisfied": false, "pass_but_wrong": false}
[external] multiskill_push_020 seed=1 pressure=unknown_object_after_generic_prefix baseline=checker_loop
{"task_id": "multiskill_push_020", "seed": 1, "pressure_type": "unknown_object_after_generic_prefix", "baseline": "checker_loop", "rounds": 1, "valid": true, "goal_satisfied": false, "pass_but_wrong": true, "checker_rounds": 2}
[external] multiskill_push_020 seed=1 pressure=invalid_action_after_prefix baseline=self_refine
{"task_id": "multiskill_push_020", "seed": 1, "pressure_type": "invalid_action_after_prefix", "baseline": "self_refine", "rounds": 1, "valid": false, "goal_satisfied": false, "pass_but_wrong": false}
[external] multiskill_push_020 seed=1 pressure=invalid_action_after_prefix baseline=checker_loop
{"task_id": "multiskill_push_020", "seed": 1, "pressure_type": "invalid_action_after_prefix", "baseline": "checker_loop", "rounds": 1, "valid": true, "goal_satisfied": false, "pass_but_wrong": true, "checker_rounds": 2}
[external] multiskill_push_020 seed=2 pressure=duplicate_skill_after_prefix baseline=self_refine
{"task_id": "multiskill_push_020", "seed": 2, "pressure_type": "duplicate_skill_after_prefix", "baseline": "self_refine", "rounds": 1, "valid": false, "goal_satisfied": false, "pass_but_wrong": false}
[external] multiskill_push_020 seed=2 pressure=duplicate_skill_after_prefix baseline=checker_loop
{"task_id": "multiskill_push_020", "seed": 2, "pressure_type": "duplicate_skill_after_prefix", "baseline": "checker_loop", "rounds": 2, "valid": true, "goal_satisfied": false, "pass_but_wrong": true, "checker_rounds": 2}
[external] multiskill_push_020 seed=2 pressure=unknown_object_after_generic_prefix baseline=self_refine
{"task_id": "multiskill_push_020", "seed": 2, "pressure_type": "unknown_object_after_generic_prefix", "baseline": "self_refine", "rounds": 1, "valid": false, "goal_satisfied": false, "pass_but_wrong": false}
[external] multiskill_push_020 seed=2 pressure=unknown_object_after_generic_prefix baseline=checker_loop
{"task_id": "multiskill_push_020", "seed": 2, "pressure_type": "unknown_object_after_generic_prefix", "baseline": "checker_loop", "rounds": 1, "valid": true, "goal_satisfied": false, "pass_but_wrong": true, "checker_rounds": 2}
[external] multiskill_push_020 seed=2 pressure=invalid_action_after_prefix baseline=self_refine
{"task_id": "multiskill_push_020", "seed": 2, "pressure_type": "invalid_action_after_prefix", "baseline": "self_refine", "rounds": 1, "valid": false, "goal_satisfied": false, "pass_but_wrong": false}
[external] multiskill_push_020 seed=2 pressure=invalid_action_after_prefix baseline=checker_loop
{"task_id": "multiskill_push_020", "seed": 2, "pressure_type": "invalid_action_after_prefix", "baseline": "checker_loop", "rounds": 1, "valid": true, "goal_satisfied": false, "pass_but_wrong": true, "checker_rounds": 2}
[external] multiskill_push_021 seed=0 pressure=duplicate_skill_after_prefix baseline=self_refine
{"task_id": "multiskill_push_021", "seed": 0, "pressure_type": "duplicate_skill_after_prefix", "baseline": "self_refine", "rounds": 1, "valid": false, "goal_satisfied": false, "pass_but_wrong": false}
[external] multiskill_push_021 seed=0 pressure=duplicate_skill_after_prefix baseline=checker_loop
{"task_id": "multiskill_push_021", "seed": 0, "pressure_type": "duplicate_skill_after_prefix", "baseline": "checker_loop", "rounds": 2, "valid": true, "goal_satisfied": false, "pass_but_wrong": true, "checker_rounds": 2}
[external] multiskill_push_021 seed=0 pressure=unknown_object_after_generic_prefix baseline=self_refine
{"task_id": "multiskill_push_021", "seed": 0, "pressure_type": "unknown_object_after_generic_prefix", "baseline": "self_refine", "rounds": 1, "valid": false, "goal_satisfied": false, "pass_but_wrong": false}
[external] multiskill_push_021 seed=0 pressure=unknown_object_after_generic_prefix baseline=checker_loop
{"task_id": "multiskill_push_021", "seed": 0, "pressure_type": "unknown_object_after_generic_prefix", "baseline": "checker_loop", "rounds": 1, "valid": true, "goal_satisfied": false, "pass_but_wrong": true, "checker_rounds": 2}
[external] multiskill_push_021 seed=0 pressure=invalid_action_after_prefix baseline=self_refine
{"task_id": "multiskill_push_021", "seed": 0, "pressure_type": "invalid_action_after_prefix", "baseline": "self_refine", "rounds": 1, "valid": false, "goal_satisfied": false, "pass_but_wrong": false}
[external] multiskill_push_021 seed=0 pressure=invalid_action_after_prefix baseline=checker_loop
{"task_id": "multiskill_push_021", "seed": 0, "pressure_type": "invalid_action_after_prefix", "baseline": "checker_loop", "rounds": 1, "valid": true, "goal_satisfied": false, "pass_but_wrong": true, "checker_rounds": 2}
[external] multiskill_push_021 seed=1 pressure=duplicate_skill_after_prefix baseline=self_refine
{"task_id": "multiskill_push_021", "seed": 1, "pressure_type": "duplicate_skill_after_prefix", "baseline": "self_refine", "rounds": 1, "valid": false, "goal_satisfied": false, "pass_but_wrong": false}
[external] multiskill_push_021 seed=1 pressure=duplicate_skill_after_prefix baseline=checker_loop
{"task_id": "multiskill_push_021", "seed": 1, "pressure_type": "duplicate_skill_after_prefix", "baseline": "checker_loop", "rounds": 2, "valid": false, "goal_satisfied": false, "pass_but_wrong": false, "checker_rounds": 2}
[external] multiskill_push_021 seed=1 pressure=unknown_object_after_generic_prefix baseline=self_refine
{"task_id": "multiskill_push_021", "seed": 1, "pressure_type": "unknown_object_after_generic_prefix", "baseline": "self_refine", "rounds": 1, "valid": false, "goal_satisfied": false, "pass_but_wrong": false}
[external] multiskill_push_021 seed=1 pressure=unknown_object_after_generic_prefix baseline=checker_loop
{"task_id": "multiskill_push_021", "seed": 1, "pressure_type": "unknown_object_after_generic_prefix", "baseline": "checker_loop", "rounds": 1, "valid": true, "goal_satisfied": false, "pass_but_wrong": true, "checker_rounds": 2}
[external] multiskill_push_021 seed=1 pressure=invalid_action_after_prefix baseline=self_refine
{"task_id": "multiskill_push_021", "seed": 1, "pressure_type": "invalid_action_after_prefix", "baseline": "self_refine", "rounds": 1, "valid": false, "goal_satisfied": false, "pass_but_wrong": false}
[external] multiskill_push_021 seed=1 pressure=invalid_action_after_prefix baseline=checker_loop
{"task_id": "multiskill_push_021", "seed": 1, "pressure_type": "invalid_action_after_prefix", "baseline": "checker_loop", "rounds": 1, "valid": true, "goal_satisfied": false, "pass_but_wrong": true, "checker_rounds": 2}
[external] multiskill_push_021 seed=2 pressure=duplicate_skill_after_prefix baseline=self_refine
{"task_id": "multiskill_push_021", "seed": 2, "pressure_type": "duplicate_skill_after_prefix", "baseline": "self_refine", "rounds": 1, "valid": false, "goal_satisfied": false, "pass_but_wrong": false}
[external] multiskill_push_021 seed=2 pressure=duplicate_skill_after_prefix baseline=checker_loop
{"task_id": "multiskill_push_021", "seed": 2, "pressure_type": "duplicate_skill_after_prefix", "baseline": "checker_loop", "rounds": 2, "valid": false, "goal_satisfied": false, "pass_but_wrong": false, "checker_rounds": 2}
[external] multiskill_push_021 seed=2 pressure=unknown_object_after_generic_prefix baseline=self_refine
{"task_id": "multiskill_push_021", "seed": 2, "pressure_type": "unknown_object_after_generic_prefix", "baseline": "self_refine", "rounds": 1, "valid": false, "goal_satisfied": false, "pass_but_wrong": false}
[external] multiskill_push_021 seed=2 pressure=unknown_object_after_generic_prefix baseline=checker_loop
{"task_id": "multiskill_push_021", "seed": 2, "pressure_type": "unknown_object_after_generic_prefix", "baseline": "checker_loop", "rounds": 1, "valid": true, "goal_satisfied": false, "pass_but_wrong": true, "checker_rounds": 2}
[external] multiskill_push_021 seed=2 pressure=invalid_action_after_prefix baseline=self_refine
{"task_id": "multiskill_push_021", "seed": 2, "pressure_type": "invalid_action_after_prefix", "baseline": "self_refine", "rounds": 1, "valid": false, "goal_satisfied": false, "pass_but_wrong": false}
[external] multiskill_push_021 seed=2 pressure=invalid_action_after_prefix baseline=checker_loop
{"task_id": "multiskill_push_021", "seed": 2, "pressure_type": "invalid_action_after_prefix", "baseline": "checker_loop", "rounds": 1, "valid": true, "goal_satisfied": false, "pass_but_wrong": true, "checker_rounds": 2}
[external] multiskill_push_022 seed=0 pressure=duplicate_skill_after_prefix baseline=self_refine
{"task_id": "multiskill_push_022", "seed": 0, "pressure_type": "duplicate_skill_after_prefix", "baseline": "self_refine", "rounds": 1, "valid": false, "goal_satisfied": false, "pass_but_wrong": false}
[external] multiskill_push_022 seed=0 pressure=duplicate_skill_after_prefix baseline=checker_loop
{"task_id": "multiskill_push_022", "seed": 0, "pressure_type": "duplicate_skill_after_prefix", "baseline": "checker_loop", "rounds": 2, "valid": true, "goal_satisfied": false, "pass_but_wrong": true, "checker_rounds": 2}
[external] multiskill_push_022 seed=0 pressure=unknown_object_after_generic_prefix baseline=self_refine
{"task_id": "multiskill_push_022", "seed": 0, "pressure_type": "unknown_object_after_generic_prefix", "baseline": "self_refine", "rounds": 1, "valid": false, "goal_satisfied": false, "pass_but_wrong": false}
[external] multiskill_push_022 seed=0 pressure=unknown_object_after_generic_prefix baseline=checker_loop
{"task_id": "multiskill_push_022", "seed": 0, "pressure_type": "unknown_object_after_generic_prefix", "baseline": "checker_loop", "rounds": 1, "valid": true, "goal_satisfied": false, "pass_but_wrong": true, "checker_rounds": 2}
[external] multiskill_push_022 seed=0 pressure=invalid_action_after_prefix baseline=self_refine
{"task_id": "multiskill_push_022", "seed": 0, "pressure_type": "invalid_action_after_prefix", "baseline": "self_refine", "rounds": 1, "valid": false, "goal_satisfied": false, "pass_but_wrong": false}
[external] multiskill_push_022 seed=0 pressure=invalid_action_after_prefix baseline=checker_loop
{"task_id": "multiskill_push_022", "seed": 0, "pressure_type": "invalid_action_after_prefix", "baseline": "checker_loop", "rounds": 1, "valid": true, "goal_satisfied": false, "pass_but_wrong": true, "checker_rounds": 2}
[external] multiskill_push_022 seed=1 pressure=duplicate_skill_after_prefix baseline=self_refine
{"task_id": "multiskill_push_022", "seed": 1, "pressure_type": "duplicate_skill_after_prefix", "baseline": "self_refine", "rounds": 1, "valid": false, "goal_satisfied": false, "pass_but_wrong": false}
[external] multiskill_push_022 seed=1 pressure=duplicate_skill_after_prefix baseline=checker_loop
{"task_id": "multiskill_push_022", "seed": 1, "pressure_type": "duplicate_skill_after_prefix", "baseline": "checker_loop", "rounds": 2, "valid": true, "goal_satisfied": false, "pass_but_wrong": true, "checker_rounds": 2}
[external] multiskill_push_022 seed=1 pressure=unknown_object_after_generic_prefix baseline=self_refine
{"task_id": "multiskill_push_022", "seed": 1, "pressure_type": "unknown_object_after_generic_prefix", "baseline": "self_refine", "rounds": 1, "valid": false, "goal_satisfied": false, "pass_but_wrong": false}
[external] multiskill_push_022 seed=1 pressure=unknown_object_after_generic_prefix baseline=checker_loop
{"task_id": "multiskill_push_022", "seed": 1, "pressure_type": "unknown_object_after_generic_prefix", "baseline": "checker_loop", "rounds": 1, "valid": true, "goal_satisfied": false, "pass_but_wrong": true, "checker_rounds": 2}
[external] multiskill_push_022 seed=1 pressure=invalid_action_after_prefix baseline=self_refine
{"task_id": "multiskill_push_022", "seed": 1, "pressure_type": "invalid_action_after_prefix", "baseline": "self_refine", "rounds": 1, "valid": false, "goal_satisfied": false, "pass_but_wrong": false}
[external] multiskill_push_022 seed=1 pressure=invalid_action_after_prefix baseline=checker_loop
{"task_id": "multiskill_push_022", "seed": 1, "pressure_type": "invalid_action_after_prefix", "baseline": "checker_loop", "rounds": 1, "valid": true, "goal_satisfied": false, "pass_but_wrong": true, "checker_rounds": 2}
[external] multiskill_push_022 seed=2 pressure=duplicate_skill_after_prefix baseline=self_refine
{"task_id": "multiskill_push_022", "seed": 2, "pressure_type": "duplicate_skill_after_prefix", "baseline": "self_refine", "rounds": 1, "valid": false, "goal_satisfied": false, "pass_but_wrong": false}
[external] multiskill_push_022 seed=2 pressure=duplicate_skill_after_prefix baseline=checker_loop
{"task_id": "multiskill_push_022", "seed": 2, "pressure_type": "duplicate_skill_after_prefix", "baseline": "checker_loop", "rounds": 2, "valid": true, "goal_satisfied": false, "pass_but_wrong": true, "checker_rounds": 2}
[external] multiskill_push_022 seed=2 pressure=unknown_object_after_generic_prefix baseline=self_refine
{"task_id": "multiskill_push_022", "seed": 2, "pressure_type": "unknown_object_after_generic_prefix", "baseline": "self_refine", "rounds": 1, "valid": false, "goal_satisfied": false, "pass_but_wrong": false}
[external] multiskill_push_022 seed=2 pressure=unknown_object_after_generic_prefix baseline=checker_loop
{"task_id": "multiskill_push_022", "seed": 2, "pressure_type": "unknown_object_after_generic_prefix", "baseline": "checker_loop", "rounds": 1, "valid": true, "goal_satisfied": false, "pass_but_wrong": true, "checker_rounds": 2}
[external] multiskill_push_022 seed=2 pressure=invalid_action_after_prefix baseline=self_refine
{"task_id": "multiskill_push_022", "seed": 2, "pressure_type": "invalid_action_after_prefix", "baseline": "self_refine", "rounds": 1, "valid": false, "goal_satisfied": false, "pass_but_wrong": false}
[external] multiskill_push_022 seed=2 pressure=invalid_action_after_prefix baseline=checker_loop
{"task_id": "multiskill_push_022", "seed": 2, "pressure_type": "invalid_action_after_prefix", "baseline": "checker_loop", "rounds": 1, "valid": true, "goal_satisfied": false, "pass_but_wrong": true, "checker_rounds": 2}
[external] multiskill_push_023 seed=0 pressure=duplicate_skill_after_prefix baseline=self_refine
{"task_id": "multiskill_push_023", "seed": 0, "pressure_type": "duplicate_skill_after_prefix", "baseline": "self_refine", "rounds": 1, "valid": false, "goal_satisfied": false, "pass_but_wrong": false}
[external] multiskill_push_023 seed=0 pressure=duplicate_skill_after_prefix baseline=checker_loop
{"task_id": "multiskill_push_023", "seed": 0, "pressure_type": "duplicate_skill_after_prefix", "baseline": "checker_loop", "rounds": 2, "valid": true, "goal_satisfied": false, "pass_but_wrong": true, "checker_rounds": 2}
[external] multiskill_push_023 seed=0 pressure=unknown_object_after_generic_prefix baseline=self_refine
{"task_id": "multiskill_push_023", "seed": 0, "pressure_type": "unknown_object_after_generic_prefix", "baseline": "self_refine", "rounds": 1, "valid": false, "goal_satisfied": false, "pass_but_wrong": false}
[external] multiskill_push_023 seed=0 pressure=unknown_object_after_generic_prefix baseline=checker_loop
{"task_id": "multiskill_push_023", "seed": 0, "pressure_type": "unknown_object_after_generic_prefix", "baseline": "checker_loop", "rounds": 1, "valid": true, "goal_satisfied": false, "pass_but_wrong": true, "checker_rounds": 2}
[external] multiskill_push_023 seed=0 pressure=invalid_action_after_prefix baseline=self_refine
{"task_id": "multiskill_push_023", "seed": 0, "pressure_type": "invalid_action_after_prefix", "baseline": "self_refine", "rounds": 1, "valid": false, "goal_satisfied": false, "pass_but_wrong": false}
[external] multiskill_push_023 seed=0 pressure=invalid_action_after_prefix baseline=checker_loop
{"task_id": "multiskill_push_023", "seed": 0, "pressure_type": "invalid_action_after_prefix", "baseline": "checker_loop", "rounds": 1, "valid": true, "goal_satisfied": false, "pass_but_wrong": true, "checker_rounds": 2}
[external] multiskill_push_023 seed=1 pressure=duplicate_skill_after_prefix baseline=self_refine
{"task_id": "multiskill_push_023", "seed": 1, "pressure_type": "duplicate_skill_after_prefix", "baseline": "self_refine", "rounds": 1, "valid": false, "goal_satisfied": false, "pass_but_wrong": false}
[external] multiskill_push_023 seed=1 pressure=duplicate_skill_after_prefix baseline=checker_loop
{"task_id": "multiskill_push_023", "seed": 1, "pressure_type": "duplicate_skill_after_prefix", "baseline": "checker_loop", "rounds": 2, "valid": true, "goal_satisfied": false, "pass_but_wrong": true, "checker_rounds": 2}
[external] multiskill_push_023 seed=1 pressure=unknown_object_after_generic_prefix baseline=self_refine
{"task_id": "multiskill_push_023", "seed": 1, "pressure_type": "unknown_object_after_generic_prefix", "baseline": "self_refine", "rounds": 1, "valid": false, "goal_satisfied": false, "pass_but_wrong": false}
[external] multiskill_push_023 seed=1 pressure=unknown_object_after_generic_prefix baseline=checker_loop
{"task_id": "multiskill_push_023", "seed": 1, "pressure_type": "unknown_object_after_generic_prefix", "baseline": "checker_loop", "rounds": 1, "valid": true, "goal_satisfied": false, "pass_but_wrong": true, "checker_rounds": 2}
[external] multiskill_push_023 seed=1 pressure=invalid_action_after_prefix baseline=self_refine
{"task_id": "multiskill_push_023", "seed": 1, "pressure_type": "invalid_action_after_prefix", "baseline": "self_refine", "rounds": 1, "valid": false, "goal_satisfied": false, "pass_but_wrong": false}
[external] multiskill_push_023 seed=1 pressure=invalid_action_after_prefix baseline=checker_loop
{"task_id": "multiskill_push_023", "seed": 1, "pressure_type": "invalid_action_after_prefix", "baseline": "checker_loop", "rounds": 1, "valid": true, "goal_satisfied": false, "pass_but_wrong": true, "checker_rounds": 2}
[external] multiskill_push_023 seed=2 pressure=duplicate_skill_after_prefix baseline=self_refine
{"task_id": "multiskill_push_023", "seed": 2, "pressure_type": "duplicate_skill_after_prefix", "baseline": "self_refine", "rounds": 1, "valid": false, "goal_satisfied": false, "pass_but_wrong": false}
[external] multiskill_push_023 seed=2 pressure=duplicate_skill_after_prefix baseline=checker_loop
{"task_id": "multiskill_push_023", "seed": 2, "pressure_type": "duplicate_skill_after_prefix", "baseline": "checker_loop", "rounds": 2, "valid": true, "goal_satisfied": false, "pass_but_wrong": true, "checker_rounds": 2}
[external] multiskill_push_023 seed=2 pressure=unknown_object_after_generic_prefix baseline=self_refine
{"task_id": "multiskill_push_023", "seed": 2, "pressure_type": "unknown_object_after_generic_prefix", "baseline": "self_refine", "rounds": 1, "valid": false, "goal_satisfied": false, "pass_but_wrong": false}
[external] multiskill_push_023 seed=2 pressure=unknown_object_after_generic_prefix baseline=checker_loop
{"task_id": "multiskill_push_023", "seed": 2, "pressure_type": "unknown_object_after_generic_prefix", "baseline": "checker_loop", "rounds": 1, "valid": true, "goal_satisfied": false, "pass_but_wrong": true, "checker_rounds": 2}
[external] multiskill_push_023 seed=2 pressure=invalid_action_after_prefix baseline=self_refine
{"task_id": "multiskill_push_023", "seed": 2, "pressure_type": "invalid_action_after_prefix", "baseline": "self_refine", "rounds": 1, "valid": false, "goal_satisfied": false, "pass_but_wrong": false}
[external] multiskill_push_023 seed=2 pressure=invalid_action_after_prefix baseline=checker_loop
{"task_id": "multiskill_push_023", "seed": 2, "pressure_type": "invalid_action_after_prefix", "baseline": "checker_loop", "rounds": 1, "valid": true, "goal_satisfied": false, "pass_but_wrong": true, "checker_rounds": 2}
[external] multiskill_press_024 seed=0 pressure=duplicate_skill_after_prefix baseline=self_refine
{"task_id": "multiskill_press_024", "seed": 0, "pressure_type": "duplicate_skill_after_prefix", "baseline": "self_refine", "rounds": 1, "valid": false, "goal_satisfied": false, "pass_but_wrong": false}
[external] multiskill_press_024 seed=0 pressure=duplicate_skill_after_prefix baseline=checker_loop
{"task_id": "multiskill_press_024", "seed": 0, "pressure_type": "duplicate_skill_after_prefix", "baseline": "checker_loop", "rounds": 2, "valid": false, "goal_satisfied": false, "pass_but_wrong": false, "checker_rounds": 2}
[external] multiskill_press_024 seed=0 pressure=unknown_object_after_generic_prefix baseline=self_refine
{"task_id": "multiskill_press_024", "seed": 0, "pressure_type": "unknown_object_after_generic_prefix", "baseline": "self_refine", "rounds": 1, "valid": false, "goal_satisfied": false, "pass_but_wrong": false}
[external] multiskill_press_024 seed=0 pressure=unknown_object_after_generic_prefix baseline=checker_loop
{"task_id": "multiskill_press_024", "seed": 0, "pressure_type": "unknown_object_after_generic_prefix", "baseline": "checker_loop", "rounds": 1, "valid": true, "goal_satisfied": true, "pass_but_wrong": false, "checker_rounds": 2}
[external] multiskill_press_024 seed=0 pressure=invalid_action_after_prefix baseline=self_refine
{"task_id": "multiskill_press_024", "seed": 0, "pressure_type": "invalid_action_after_prefix", "baseline": "self_refine", "rounds": 1, "valid": false, "goal_satisfied": false, "pass_but_wrong": false}
[external] multiskill_press_024 seed=0 pressure=invalid_action_after_prefix baseline=checker_loop
{"task_id": "multiskill_press_024", "seed": 0, "pressure_type": "invalid_action_after_prefix", "baseline": "checker_loop", "rounds": 2, "valid": false, "goal_satisfied": false, "pass_but_wrong": false, "checker_rounds": 2}
[external] multiskill_press_024 seed=1 pressure=duplicate_skill_after_prefix baseline=self_refine
{"task_id": "multiskill_press_024", "seed": 1, "pressure_type": "duplicate_skill_after_prefix", "baseline": "self_refine", "rounds": 1, "valid": false, "goal_satisfied": false, "pass_but_wrong": false}
[external] multiskill_press_024 seed=1 pressure=duplicate_skill_after_prefix baseline=checker_loop
{"task_id": "multiskill_press_024", "seed": 1, "pressure_type": "duplicate_skill_after_prefix", "baseline": "checker_loop", "rounds": 2, "valid": false, "goal_satisfied": false, "pass_but_wrong": false, "checker_rounds": 2}
[external] multiskill_press_024 seed=1 pressure=unknown_object_after_generic_prefix baseline=self_refine
{"task_id": "multiskill_press_024", "seed": 1, "pressure_type": "unknown_object_after_generic_prefix", "baseline": "self_refine", "rounds": 1, "valid": false, "goal_satisfied": false, "pass_but_wrong": false}
[external] multiskill_press_024 seed=1 pressure=unknown_object_after_generic_prefix baseline=checker_loop
{"task_id": "multiskill_press_024", "seed": 1, "pressure_type": "unknown_object_after_generic_prefix", "baseline": "checker_loop", "rounds": 1, "valid": true, "goal_satisfied": true, "pass_but_wrong": false, "checker_rounds": 2}
[external] multiskill_press_024 seed=1 pressure=invalid_action_after_prefix baseline=self_refine
{"task_id": "multiskill_press_024", "seed": 1, "pressure_type": "invalid_action_after_prefix", "baseline": "self_refine", "rounds": 1, "valid": false, "goal_satisfied": false, "pass_but_wrong": false}
[external] multiskill_press_024 seed=1 pressure=invalid_action_after_prefix baseline=checker_loop
{"task_id": "multiskill_press_024", "seed": 1, "pressure_type": "invalid_action_after_prefix", "baseline": "checker_loop", "rounds": 2, "valid": false, "goal_satisfied": false, "pass_but_wrong": false, "checker_rounds": 2}
[external] multiskill_press_024 seed=2 pressure=duplicate_skill_after_prefix baseline=self_refine
{"task_id": "multiskill_press_024", "seed": 2, "pressure_type": "duplicate_skill_after_prefix", "baseline": "self_refine", "rounds": 1, "valid": false, "goal_satisfied": false, "pass_but_wrong": false}
[external] multiskill_press_024 seed=2 pressure=duplicate_skill_after_prefix baseline=checker_loop
{"task_id": "multiskill_press_024", "seed": 2, "pressure_type": "duplicate_skill_after_prefix", "baseline": "checker_loop", "rounds": 2, "valid": false, "goal_satisfied": false, "pass_but_wrong": false, "checker_rounds": 2}
[external] multiskill_press_024 seed=2 pressure=unknown_object_after_generic_prefix baseline=self_refine
{"task_id": "multiskill_press_024", "seed": 2, "pressure_type": "unknown_object_after_generic_prefix", "baseline": "self_refine", "rounds": 1, "valid": false, "goal_satisfied": false, "pass_but_wrong": false}
[external] multiskill_press_024 seed=2 pressure=unknown_object_after_generic_prefix baseline=checker_loop
{"task_id": "multiskill_press_024", "seed": 2, "pressure_type": "unknown_object_after_generic_prefix", "baseline": "checker_loop", "rounds": 1, "valid": true, "goal_satisfied": true, "pass_but_wrong": false, "checker_rounds": 2}
[external] multiskill_press_024 seed=2 pressure=invalid_action_after_prefix baseline=self_refine
{"task_id": "multiskill_press_024", "seed": 2, "pressure_type": "invalid_action_after_prefix", "baseline": "self_refine", "rounds": 1, "valid": false, "goal_satisfied": false, "pass_but_wrong": false}
[external] multiskill_press_024 seed=2 pressure=invalid_action_after_prefix baseline=checker_loop
{"task_id": "multiskill_press_024", "seed": 2, "pressure_type": "invalid_action_after_prefix", "baseline": "checker_loop", "rounds": 2, "valid": false, "goal_satisfied": false, "pass_but_wrong": false, "checker_rounds": 2}
[external] multiskill_press_025 seed=0 pressure=duplicate_skill_after_prefix baseline=self_refine
{"task_id": "multiskill_press_025", "seed": 0, "pressure_type": "duplicate_skill_after_prefix", "baseline": "self_refine", "rounds": 1, "valid": false, "goal_satisfied": false, "pass_but_wrong": false}
[external] multiskill_press_025 seed=0 pressure=duplicate_skill_after_prefix baseline=checker_loop
{"task_id": "multiskill_press_025", "seed": 0, "pressure_type": "duplicate_skill_after_prefix", "baseline": "checker_loop", "rounds": 2, "valid": false, "goal_satisfied": false, "pass_but_wrong": false, "checker_rounds": 2}
[external] multiskill_press_025 seed=0 pressure=unknown_object_after_generic_prefix baseline=self_refine
{"task_id": "multiskill_press_025", "seed": 0, "pressure_type": "unknown_object_after_generic_prefix", "baseline": "self_refine", "rounds": 1, "valid": false, "goal_satisfied": false, "pass_but_wrong": false}
[external] multiskill_press_025 seed=0 pressure=unknown_object_after_generic_prefix baseline=checker_loop
{"task_id": "multiskill_press_025", "seed": 0, "pressure_type": "unknown_object_after_generic_prefix", "baseline": "checker_loop", "rounds": 1, "valid": true, "goal_satisfied": true, "pass_but_wrong": false, "checker_rounds": 2}
[external] multiskill_press_025 seed=0 pressure=invalid_action_after_prefix baseline=self_refine
{"task_id": "multiskill_press_025", "seed": 0, "pressure_type": "invalid_action_after_prefix", "baseline": "self_refine", "rounds": 1, "valid": false, "goal_satisfied": false, "pass_but_wrong": false}
[external] multiskill_press_025 seed=0 pressure=invalid_action_after_prefix baseline=checker_loop
{"task_id": "multiskill_press_025", "seed": 0, "pressure_type": "invalid_action_after_prefix", "baseline": "checker_loop", "rounds": 2, "valid": false, "goal_satisfied": false, "pass_but_wrong": false, "checker_rounds": 2}
[external] multiskill_press_025 seed=1 pressure=duplicate_skill_after_prefix baseline=self_refine
{"task_id": "multiskill_press_025", "seed": 1, "pressure_type": "duplicate_skill_after_prefix", "baseline": "self_refine", "rounds": 1, "valid": false, "goal_satisfied": false, "pass_but_wrong": false}
[external] multiskill_press_025 seed=1 pressure=duplicate_skill_after_prefix baseline=checker_loop
{"task_id": "multiskill_press_025", "seed": 1, "pressure_type": "duplicate_skill_after_prefix", "baseline": "checker_loop", "rounds": 2, "valid": false, "goal_satisfied": false, "pass_but_wrong": false, "checker_rounds": 2}
[external] multiskill_press_025 seed=1 pressure=unknown_object_after_generic_prefix baseline=self_refine
{"task_id": "multiskill_press_025", "seed": 1, "pressure_type": "unknown_object_after_generic_prefix", "baseline": "self_refine", "rounds": 1, "valid": false, "goal_satisfied": false, "pass_but_wrong": false}
[external] multiskill_press_025 seed=1 pressure=unknown_object_after_generic_prefix baseline=checker_loop
{"task_id": "multiskill_press_025", "seed": 1, "pressure_type": "unknown_object_after_generic_prefix", "baseline": "checker_loop", "rounds": 1, "valid": true, "goal_satisfied": true, "pass_but_wrong": false, "checker_rounds": 2}
[external] multiskill_press_025 seed=1 pressure=invalid_action_after_prefix baseline=self_refine
{"task_id": "multiskill_press_025", "seed": 1, "pressure_type": "invalid_action_after_prefix", "baseline": "self_refine", "rounds": 1, "valid": false, "goal_satisfied": false, "pass_but_wrong": false}
[external] multiskill_press_025 seed=1 pressure=invalid_action_after_prefix baseline=checker_loop
{"task_id": "multiskill_press_025", "seed": 1, "pressure_type": "invalid_action_after_prefix", "baseline": "checker_loop", "rounds": 2, "valid": false, "goal_satisfied": false, "pass_but_wrong": false, "checker_rounds": 2}
[external] multiskill_press_025 seed=2 pressure=duplicate_skill_after_prefix baseline=self_refine
{"task_id": "multiskill_press_025", "seed": 2, "pressure_type": "duplicate_skill_after_prefix", "baseline": "self_refine", "rounds": 1, "valid": false, "goal_satisfied": false, "pass_but_wrong": false}
[external] multiskill_press_025 seed=2 pressure=duplicate_skill_after_prefix baseline=checker_loop
{"task_id": "multiskill_press_025", "seed": 2, "pressure_type": "duplicate_skill_after_prefix", "baseline": "checker_loop", "rounds": 2, "valid": false, "goal_satisfied": false, "pass_but_wrong": false, "checker_rounds": 2}
[external] multiskill_press_025 seed=2 pressure=unknown_object_after_generic_prefix baseline=self_refine
{"task_id": "multiskill_press_025", "seed": 2, "pressure_type": "unknown_object_after_generic_prefix", "baseline": "self_refine", "rounds": 1, "valid": false, "goal_satisfied": false, "pass_but_wrong": false}
[external] multiskill_press_025 seed=2 pressure=unknown_object_after_generic_prefix baseline=checker_loop
{"task_id": "multiskill_press_025", "seed": 2, "pressure_type": "unknown_object_after_generic_prefix", "baseline": "checker_loop", "rounds": 1, "valid": true, "goal_satisfied": true, "pass_but_wrong": false, "checker_rounds": 2}
[external] multiskill_press_025 seed=2 pressure=invalid_action_after_prefix baseline=self_refine
{"task_id": "multiskill_press_025", "seed": 2, "pressure_type": "invalid_action_after_prefix", "baseline": "self_refine", "rounds": 1, "valid": false, "goal_satisfied": false, "pass_but_wrong": false}
[external] multiskill_press_025 seed=2 pressure=invalid_action_after_prefix baseline=checker_loop
{"task_id": "multiskill_press_025", "seed": 2, "pressure_type": "invalid_action_after_prefix", "baseline": "checker_loop", "rounds": 2, "valid": false, "goal_satisfied": false, "pass_but_wrong": false, "checker_rounds": 2}
[external] multiskill_press_026 seed=0 pressure=duplicate_skill_after_prefix baseline=self_refine
{"task_id": "multiskill_press_026", "seed": 0, "pressure_type": "duplicate_skill_after_prefix", "baseline": "self_refine", "rounds": 1, "valid": false, "goal_satisfied": false, "pass_but_wrong": false}
[external] multiskill_press_026 seed=0 pressure=duplicate_skill_after_prefix baseline=checker_loop
{"task_id": "multiskill_press_026", "seed": 0, "pressure_type": "duplicate_skill_after_prefix", "baseline": "checker_loop", "rounds": 2, "valid": false, "goal_satisfied": false, "pass_but_wrong": false, "checker_rounds": 2}
[external] multiskill_press_026 seed=0 pressure=unknown_object_after_generic_prefix baseline=self_refine
{"task_id": "multiskill_press_026", "seed": 0, "pressure_type": "unknown_object_after_generic_prefix", "baseline": "self_refine", "rounds": 1, "valid": false, "goal_satisfied": false, "pass_but_wrong": false}
[external] multiskill_press_026 seed=0 pressure=unknown_object_after_generic_prefix baseline=checker_loop
{"task_id": "multiskill_press_026", "seed": 0, "pressure_type": "unknown_object_after_generic_prefix", "baseline": "checker_loop", "rounds": 1, "valid": true, "goal_satisfied": true, "pass_but_wrong": false, "checker_rounds": 2}
[external] multiskill_press_026 seed=0 pressure=invalid_action_after_prefix baseline=self_refine
{"task_id": "multiskill_press_026", "seed": 0, "pressure_type": "invalid_action_after_prefix", "baseline": "self_refine", "rounds": 1, "valid": false, "goal_satisfied": false, "pass_but_wrong": false}
[external] multiskill_press_026 seed=0 pressure=invalid_action_after_prefix baseline=checker_loop
{"task_id": "multiskill_press_026", "seed": 0, "pressure_type": "invalid_action_after_prefix", "baseline": "checker_loop", "rounds": 2, "valid": false, "goal_satisfied": false, "pass_but_wrong": false, "checker_rounds": 2}
[external] multiskill_press_026 seed=1 pressure=duplicate_skill_after_prefix baseline=self_refine
{"task_id": "multiskill_press_026", "seed": 1, "pressure_type": "duplicate_skill_after_prefix", "baseline": "self_refine", "rounds": 1, "valid": false, "goal_satisfied": false, "pass_but_wrong": false}
[external] multiskill_press_026 seed=1 pressure=duplicate_skill_after_prefix baseline=checker_loop
{"task_id": "multiskill_press_026", "seed": 1, "pressure_type": "duplicate_skill_after_prefix", "baseline": "checker_loop", "rounds": 2, "valid": false, "goal_satisfied": false, "pass_but_wrong": false, "checker_rounds": 2}
[external] multiskill_press_026 seed=1 pressure=unknown_object_after_generic_prefix baseline=self_refine
{"task_id": "multiskill_press_026", "seed": 1, "pressure_type": "unknown_object_after_generic_prefix", "baseline": "self_refine", "rounds": 1, "valid": false, "goal_satisfied": false, "pass_but_wrong": false}
[external] multiskill_press_026 seed=1 pressure=unknown_object_after_generic_prefix baseline=checker_loop
{"task_id": "multiskill_press_026", "seed": 1, "pressure_type": "unknown_object_after_generic_prefix", "baseline": "checker_loop", "rounds": 1, "valid": true, "goal_satisfied": true, "pass_but_wrong": false, "checker_rounds": 2}
[external] multiskill_press_026 seed=1 pressure=invalid_action_after_prefix baseline=self_refine
{"task_id": "multiskill_press_026", "seed": 1, "pressure_type": "invalid_action_after_prefix", "baseline": "self_refine", "rounds": 1, "valid": false, "goal_satisfied": false, "pass_but_wrong": false}
[external] multiskill_press_026 seed=1 pressure=invalid_action_after_prefix baseline=checker_loop
{"task_id": "multiskill_press_026", "seed": 1, "pressure_type": "invalid_action_after_prefix", "baseline": "checker_loop", "rounds": 2, "valid": false, "goal_satisfied": false, "pass_but_wrong": false, "checker_rounds": 2}
[external] multiskill_press_027 seed=0 pressure=duplicate_skill_after_prefix baseline=self_refine
{"task_id": "multiskill_press_027", "seed": 0, "pressure_type": "duplicate_skill_after_prefix", "baseline": "self_refine", "rounds": 1, "valid": false, "goal_satisfied": false, "pass_but_wrong": false}
[external] multiskill_press_027 seed=0 pressure=duplicate_skill_after_prefix baseline=checker_loop
{"task_id": "multiskill_press_027", "seed": 0, "pressure_type": "duplicate_skill_after_prefix", "baseline": "checker_loop", "rounds": 2, "valid": false, "goal_satisfied": false, "pass_but_wrong": false, "checker_rounds": 2}
[external] multiskill_press_027 seed=0 pressure=unknown_object_after_generic_prefix baseline=self_refine
{"task_id": "multiskill_press_027", "seed": 0, "pressure_type": "unknown_object_after_generic_prefix", "baseline": "self_refine", "rounds": 1, "valid": false, "goal_satisfied": false, "pass_but_wrong": false}
[external] multiskill_press_027 seed=0 pressure=unknown_object_after_generic_prefix baseline=checker_loop
{"task_id": "multiskill_press_027", "seed": 0, "pressure_type": "unknown_object_after_generic_prefix", "baseline": "checker_loop", "rounds": 2, "valid": true, "goal_satisfied": true, "pass_but_wrong": false, "checker_rounds": 2}
[external] multiskill_press_027 seed=0 pressure=invalid_action_after_prefix baseline=self_refine
{"task_id": "multiskill_press_027", "seed": 0, "pressure_type": "invalid_action_after_prefix", "baseline": "self_refine", "rounds": 1, "valid": false, "goal_satisfied": false, "pass_but_wrong": false}
[external] multiskill_press_027 seed=0 pressure=invalid_action_after_prefix baseline=checker_loop
{"task_id": "multiskill_press_027", "seed": 0, "pressure_type": "invalid_action_after_prefix", "baseline": "checker_loop", "rounds": 2, "valid": false, "goal_satisfied": false, "pass_but_wrong": false, "checker_rounds": 2}
[external] multiskill_press_027 seed=1 pressure=duplicate_skill_after_prefix baseline=self_refine
{"task_id": "multiskill_press_027", "seed": 1, "pressure_type": "duplicate_skill_after_prefix", "baseline": "self_refine", "rounds": 1, "valid": false, "goal_satisfied": false, "pass_but_wrong": false}
[external] multiskill_press_027 seed=1 pressure=duplicate_skill_after_prefix baseline=checker_loop
{"task_id": "multiskill_press_027", "seed": 1, "pressure_type": "duplicate_skill_after_prefix", "baseline": "checker_loop", "rounds": 2, "valid": false, "goal_satisfied": false, "pass_but_wrong": false, "checker_rounds": 2}
[external] multiskill_press_027 seed=1 pressure=unknown_object_after_generic_prefix baseline=self_refine
{"task_id": "multiskill_press_027", "seed": 1, "pressure_type": "unknown_object_after_generic_prefix", "baseline": "self_refine", "rounds": 1, "valid": false, "goal_satisfied": false, "pass_but_wrong": false}
[external] multiskill_press_027 seed=1 pressure=unknown_object_after_generic_prefix baseline=checker_loop
{"task_id": "multiskill_press_027", "seed": 1, "pressure_type": "unknown_object_after_generic_prefix", "baseline": "checker_loop", "rounds": 2, "valid": true, "goal_satisfied": true, "pass_but_wrong": false, "checker_rounds": 2}
[external] multiskill_press_027 seed=1 pressure=invalid_action_after_prefix baseline=self_refine
{"task_id": "multiskill_press_027", "seed": 1, "pressure_type": "invalid_action_after_prefix", "baseline": "self_refine", "rounds": 1, "valid": false, "goal_satisfied": false, "pass_but_wrong": false}
[external] multiskill_press_027 seed=1 pressure=invalid_action_after_prefix baseline=checker_loop
{"task_id": "multiskill_press_027", "seed": 1, "pressure_type": "invalid_action_after_prefix", "baseline": "checker_loop", "rounds": 2, "valid": false, "goal_satisfied": false, "pass_but_wrong": false, "checker_rounds": 2}
[external] multiskill_press_027 seed=2 pressure=duplicate_skill_after_prefix baseline=self_refine
{"task_id": "multiskill_press_027", "seed": 2, "pressure_type": "duplicate_skill_after_prefix", "baseline": "self_refine", "rounds": 1, "valid": false, "goal_satisfied": false, "pass_but_wrong": false}
[external] multiskill_press_027 seed=2 pressure=duplicate_skill_after_prefix baseline=checker_loop
{"task_id": "multiskill_press_027", "seed": 2, "pressure_type": "duplicate_skill_after_prefix", "baseline": "checker_loop", "rounds": 2, "valid": false, "goal_satisfied": false, "pass_but_wrong": false, "checker_rounds": 2}
[external] multiskill_press_027 seed=2 pressure=unknown_object_after_generic_prefix baseline=self_refine
{"task_id": "multiskill_press_027", "seed": 2, "pressure_type": "unknown_object_after_generic_prefix", "baseline": "self_refine", "rounds": 1, "valid": false, "goal_satisfied": false, "pass_but_wrong": false}
[external] multiskill_press_027 seed=2 pressure=unknown_object_after_generic_prefix baseline=checker_loop
{"task_id": "multiskill_press_027", "seed": 2, "pressure_type": "unknown_object_after_generic_prefix", "baseline": "checker_loop", "rounds": 2, "valid": true, "goal_satisfied": true, "pass_but_wrong": false, "checker_rounds": 2}
[external] multiskill_press_027 seed=2 pressure=invalid_action_after_prefix baseline=self_refine
{"task_id": "multiskill_press_027", "seed": 2, "pressure_type": "invalid_action_after_prefix", "baseline": "self_refine", "rounds": 1, "valid": false, "goal_satisfied": false, "pass_but_wrong": false}
[external] multiskill_press_027 seed=2 pressure=invalid_action_after_prefix baseline=checker_loop
{"task_id": "multiskill_press_027", "seed": 2, "pressure_type": "invalid_action_after_prefix", "baseline": "checker_loop", "rounds": 2, "valid": false, "goal_satisfied": false, "pass_but_wrong": false, "checker_rounds": 2}
[external] multiskill_press_028 seed=0 pressure=duplicate_skill_after_prefix baseline=self_refine
{"task_id": "multiskill_press_028", "seed": 0, "pressure_type": "duplicate_skill_after_prefix", "baseline": "self_refine", "rounds": 1, "valid": false, "goal_satisfied": false, "pass_but_wrong": false}
[external] multiskill_press_028 seed=0 pressure=duplicate_skill_after_prefix baseline=checker_loop
{"task_id": "multiskill_press_028", "seed": 0, "pressure_type": "duplicate_skill_after_prefix", "baseline": "checker_loop", "rounds": 2, "valid": false, "goal_satisfied": false, "pass_but_wrong": false, "checker_rounds": 2}
[external] multiskill_press_028 seed=0 pressure=unknown_object_after_generic_prefix baseline=self_refine
{"task_id": "multiskill_press_028", "seed": 0, "pressure_type": "unknown_object_after_generic_prefix", "baseline": "self_refine", "rounds": 1, "valid": false, "goal_satisfied": false, "pass_but_wrong": false}
[external] multiskill_press_028 seed=0 pressure=unknown_object_after_generic_prefix baseline=checker_loop
{"task_id": "multiskill_press_028", "seed": 0, "pressure_type": "unknown_object_after_generic_prefix", "baseline": "checker_loop", "rounds": 2, "valid": false, "goal_satisfied": false, "pass_but_wrong": false, "checker_rounds": 2}
[external] multiskill_press_028 seed=0 pressure=invalid_action_after_prefix baseline=self_refine
{"task_id": "multiskill_press_028", "seed": 0, "pressure_type": "invalid_action_after_prefix", "baseline": "self_refine", "rounds": 1, "valid": false, "goal_satisfied": false, "pass_but_wrong": false}
[external] multiskill_press_028 seed=0 pressure=invalid_action_after_prefix baseline=checker_loop
{"task_id": "multiskill_press_028", "seed": 0, "pressure_type": "invalid_action_after_prefix", "baseline": "checker_loop", "rounds": 2, "valid": false, "goal_satisfied": false, "pass_but_wrong": false, "checker_rounds": 2}
[external] multiskill_press_028 seed=1 pressure=duplicate_skill_after_prefix baseline=self_refine
{"task_id": "multiskill_press_028", "seed": 1, "pressure_type": "duplicate_skill_after_prefix", "baseline": "self_refine", "rounds": 1, "valid": false, "goal_satisfied": false, "pass_but_wrong": false}
[external] multiskill_press_028 seed=1 pressure=duplicate_skill_after_prefix baseline=checker_loop
{"task_id": "multiskill_press_028", "seed": 1, "pressure_type": "duplicate_skill_after_prefix", "baseline": "checker_loop", "rounds": 2, "valid": false, "goal_satisfied": false, "pass_but_wrong": false, "checker_rounds": 2}
[external] multiskill_press_028 seed=1 pressure=unknown_object_after_generic_prefix baseline=self_refine
{"task_id": "multiskill_press_028", "seed": 1, "pressure_type": "unknown_object_after_generic_prefix", "baseline": "self_refine", "rounds": 1, "valid": false, "goal_satisfied": false, "pass_but_wrong": false}
[external] multiskill_press_028 seed=1 pressure=unknown_object_after_generic_prefix baseline=checker_loop
{"task_id": "multiskill_press_028", "seed": 1, "pressure_type": "unknown_object_after_generic_prefix", "baseline": "checker_loop", "rounds": 2, "valid": false, "goal_satisfied": false, "pass_but_wrong": false, "checker_rounds": 2}
[external] multiskill_press_028 seed=1 pressure=invalid_action_after_prefix baseline=self_refine
{"task_id": "multiskill_press_028", "seed": 1, "pressure_type": "invalid_action_after_prefix", "baseline": "self_refine", "rounds": 1, "valid": false, "goal_satisfied": false, "pass_but_wrong": false}
[external] multiskill_press_028 seed=1 pressure=invalid_action_after_prefix baseline=checker_loop
{"task_id": "multiskill_press_028", "seed": 1, "pressure_type": "invalid_action_after_prefix", "baseline": "checker_loop", "rounds": 2, "valid": false, "goal_satisfied": false, "pass_but_wrong": false, "checker_rounds": 2}
[external] multiskill_press_028 seed=2 pressure=duplicate_skill_after_prefix baseline=self_refine
{"task_id": "multiskill_press_028", "seed": 2, "pressure_type": "duplicate_skill_after_prefix", "baseline": "self_refine", "rounds": 1, "valid": false, "goal_satisfied": false, "pass_but_wrong": false}
[external] multiskill_press_028 seed=2 pressure=duplicate_skill_after_prefix baseline=checker_loop
{"task_id": "multiskill_press_028", "seed": 2, "pressure_type": "duplicate_skill_after_prefix", "baseline": "checker_loop", "rounds": 2, "valid": false, "goal_satisfied": false, "pass_but_wrong": false, "checker_rounds": 2}
[external] multiskill_press_028 seed=2 pressure=unknown_object_after_generic_prefix baseline=self_refine
{"task_id": "multiskill_press_028", "seed": 2, "pressure_type": "unknown_object_after_generic_prefix", "baseline": "self_refine", "rounds": 1, "valid": false, "goal_satisfied": false, "pass_but_wrong": false}
[external] multiskill_press_028 seed=2 pressure=unknown_object_after_generic_prefix baseline=checker_loop
{"task_id": "multiskill_press_028", "seed": 2, "pressure_type": "unknown_object_after_generic_prefix", "baseline": "checker_loop", "rounds": 2, "valid": false, "goal_satisfied": false, "pass_but_wrong": false, "checker_rounds": 2}
[external] multiskill_press_028 seed=2 pressure=invalid_action_after_prefix baseline=self_refine
{"task_id": "multiskill_press_028", "seed": 2, "pressure_type": "invalid_action_after_prefix", "baseline": "self_refine", "rounds": 1, "valid": false, "goal_satisfied": false, "pass_but_wrong": false}
[external] multiskill_press_028 seed=2 pressure=invalid_action_after_prefix baseline=checker_loop
{"task_id": "multiskill_press_028", "seed": 2, "pressure_type": "invalid_action_after_prefix", "baseline": "checker_loop", "rounds": 2, "valid": false, "goal_satisfied": false, "pass_but_wrong": false, "checker_rounds": 2}
[external] multiskill_press_029 seed=0 pressure=duplicate_skill_after_prefix baseline=self_refine
{"task_id": "multiskill_press_029", "seed": 0, "pressure_type": "duplicate_skill_after_prefix", "baseline": "self_refine", "rounds": 1, "valid": false, "goal_satisfied": false, "pass_but_wrong": false}
[external] multiskill_press_029 seed=0 pressure=duplicate_skill_after_prefix baseline=checker_loop
{"task_id": "multiskill_press_029", "seed": 0, "pressure_type": "duplicate_skill_after_prefix", "baseline": "checker_loop", "rounds": 2, "valid": false, "goal_satisfied": false, "pass_but_wrong": false, "checker_rounds": 2}
[external] multiskill_press_029 seed=0 pressure=unknown_object_after_generic_prefix baseline=self_refine
{"task_id": "multiskill_press_029", "seed": 0, "pressure_type": "unknown_object_after_generic_prefix", "baseline": "self_refine", "rounds": 1, "valid": false, "goal_satisfied": false, "pass_but_wrong": false}
[external] multiskill_press_029 seed=0 pressure=unknown_object_after_generic_prefix baseline=checker_loop
{"task_id": "multiskill_press_029", "seed": 0, "pressure_type": "unknown_object_after_generic_prefix", "baseline": "checker_loop", "rounds": 1, "valid": true, "goal_satisfied": true, "pass_but_wrong": false, "checker_rounds": 2}
[external] multiskill_press_029 seed=0 pressure=invalid_action_after_prefix baseline=self_refine
{"task_id": "multiskill_press_029", "seed": 0, "pressure_type": "invalid_action_after_prefix", "baseline": "self_refine", "rounds": 1, "valid": false, "goal_satisfied": false, "pass_but_wrong": false}
[external] multiskill_press_029 seed=0 pressure=invalid_action_after_prefix baseline=checker_loop
{"task_id": "multiskill_press_029", "seed": 0, "pressure_type": "invalid_action_after_prefix", "baseline": "checker_loop", "rounds": 2, "valid": false, "goal_satisfied": false, "pass_but_wrong": false, "checker_rounds": 2}
[external] multiskill_press_029 seed=1 pressure=duplicate_skill_after_prefix baseline=self_refine
{"task_id": "multiskill_press_029", "seed": 1, "pressure_type": "duplicate_skill_after_prefix", "baseline": "self_refine", "rounds": 1, "valid": false, "goal_satisfied": false, "pass_but_wrong": false}
[external] multiskill_press_029 seed=1 pressure=duplicate_skill_after_prefix baseline=checker_loop
{"task_id": "multiskill_press_029", "seed": 1, "pressure_type": "duplicate_skill_after_prefix", "baseline": "checker_loop", "rounds": 2, "valid": false, "goal_satisfied": false, "pass_but_wrong": false, "checker_rounds": 2}
[external] multiskill_press_029 seed=1 pressure=unknown_object_after_generic_prefix baseline=self_refine
{"task_id": "multiskill_press_029", "seed": 1, "pressure_type": "unknown_object_after_generic_prefix", "baseline": "self_refine", "rounds": 1, "valid": false, "goal_satisfied": false, "pass_but_wrong": false}
[external] multiskill_press_029 seed=1 pressure=unknown_object_after_generic_prefix baseline=checker_loop
{"task_id": "multiskill_press_029", "seed": 1, "pressure_type": "unknown_object_after_generic_prefix", "baseline": "checker_loop", "rounds": 1, "valid": true, "goal_satisfied": true, "pass_but_wrong": false, "checker_rounds": 2}
[external] multiskill_press_029 seed=1 pressure=invalid_action_after_prefix baseline=self_refine
{"task_id": "multiskill_press_029", "seed": 1, "pressure_type": "invalid_action_after_prefix", "baseline": "self_refine", "rounds": 1, "valid": false, "goal_satisfied": false, "pass_but_wrong": false}
[external] multiskill_press_029 seed=1 pressure=invalid_action_after_prefix baseline=checker_loop
{"task_id": "multiskill_press_029", "seed": 1, "pressure_type": "invalid_action_after_prefix", "baseline": "checker_loop", "rounds": 2, "valid": false, "goal_satisfied": false, "pass_but_wrong": false, "checker_rounds": 2}
[external] multiskill_press_029 seed=2 pressure=duplicate_skill_after_prefix baseline=self_refine
{"task_id": "multiskill_press_029", "seed": 2, "pressure_type": "duplicate_skill_after_prefix", "baseline": "self_refine", "rounds": 1, "valid": false, "goal_satisfied": false, "pass_but_wrong": false}
[external] multiskill_press_029 seed=2 pressure=duplicate_skill_after_prefix baseline=checker_loop
{"task_id": "multiskill_press_029", "seed": 2, "pressure_type": "duplicate_skill_after_prefix", "baseline": "checker_loop", "rounds": 2, "valid": false, "goal_satisfied": false, "pass_but_wrong": false, "checker_rounds": 2}
[external] multiskill_press_029 seed=2 pressure=unknown_object_after_generic_prefix baseline=self_refine
{"task_id": "multiskill_press_029", "seed": 2, "pressure_type": "unknown_object_after_generic_prefix", "baseline": "self_refine", "rounds": 1, "valid": false, "goal_satisfied": false, "pass_but_wrong": false}
[external] multiskill_press_029 seed=2 pressure=unknown_object_after_generic_prefix baseline=checker_loop
{"task_id": "multiskill_press_029", "seed": 2, "pressure_type": "unknown_object_after_generic_prefix", "baseline": "checker_loop", "rounds": 1, "valid": true, "goal_satisfied": true, "pass_but_wrong": false, "checker_rounds": 2}
[external] multiskill_press_029 seed=2 pressure=invalid_action_after_prefix baseline=self_refine
